,LA_code,LA_name,GI_code,GI_categories,Percentages,No_qual_perc,Percentages_level1,level_1_perc,Percentages_level2,level_2_perc,Percentages_appre,appr_perc,Percentages_level3,level_3_perc,Percentages_level4,level_4_perc,Percentages_other,level_5_perc
0,E06000001,Hartlepool,6,Not answered,1.87,23.130000000000003,0.42,9.469999999999999,0.61,14.669999999999998,0.4,6.95,0.67,18.440000000000005,0.91,24.810000000000002,0.18,2.4699999999999998
1,E06000002,Middlesbrough,6,Not answered,2.1,23.939999999999998,0.63,9.840000000000002,0.64,13.389999999999999,0.4,6.170000000000001,0.87,17.529999999999998,1.25,26.44,0.24,2.6399999999999997
2,E06000003,Redcar and Cleveland,6,Not answered,1.66,22.020000000000003,0.41,9.77,0.58,13.94,0.43,7.7299999999999995,0.68,18.950000000000003,0.98,24.930000000000003,0.17,2.63
3,E06000004,Stockton-on-Tees,6,Not answered,1.43,18.63,0.46,9.69,0.61,14.569999999999999,0.31,6.68,0.63,18.360000000000003,1.05,29.52,0.19,2.54
4,E06000005,Darlington,6,Not answered,1.39,19.26,0.37,9.399999999999999,0.54,14.45,0.35,7.0699999999999985,0.61,18.310000000000002,1.07,28.950000000000003,0.15,2.55
5,E06000006,Halton,6,Not answered,1.34,21.03,0.48,11.86,0.6,16.750000000000007,0.26,5.5,0.64,18.330000000000005,0.81,23.930000000000003,0.14,2.58
6,E06000007,Warrington,6,Not answered,1.27,16.48,0.41,9.989999999999998,0.54,14.75,0.29,5.97,0.63,17.27,1.18,32.97,0.17,2.5799999999999996
7,E06000008,Blackburn with Darwen,6,Not answered,2.45,24.200000000000003,0.77,10.839999999999998,0.94,13.859999999999998,0.37,5.489999999999999,0.91,15.749999999999998,1.6,26.82,0.33,3.0300000000000002
8,E06000009,Blackpool,6,Not answered,1.82,24.55,0.54,11.759999999999998,0.66,15.019999999999998,0.36,6.779999999999999,0.63,16.659999999999997,0.94,22.490000000000002,0.17,2.7199999999999998
9,E06000010,Kingston upon Hull,6,Not answered,2.6,25.250000000000007,0.67,11.299999999999999,0.84,14.079999999999998,0.46,6.88,1.04,17.49,1.21,21.75,0.29,3.2399999999999998
10,E06000011,East Riding of Yorkshire,6,Not answered,1.55,18.210000000000004,0.44,10.04,0.63,14.07,0.42,7.1499999999999995,0.64,17.200000000000006,1.22,30.490000000000002,0.19,2.8
11,E06000012,North East Lincolnshire,6,Not answered,1.98,24.240000000000002,0.59,12.179999999999998,0.71,16.09,0.34,6.52,0.62,16.369999999999997,0.9,21.599999999999998,0.18,3.0199999999999996
12,E06000013,North Lincolnshire,6,Not answered,2.04,21.85,0.55,11.69,0.65,15.12,0.41,7.11,0.65,17.180000000000003,1.03,23.92,0.23,3.13
13,E06000014,York,6,Not answered,1.1,13.339999999999998,0.36,7.449999999999999,0.5,11.36,0.3,5.249999999999999,1.75,21.73,1.8,38.78,0.16,2.07
14,E06000015,Derby,6,Not answered,2.17,20.14,0.7,10.309999999999999,0.88,13.229999999999999,0.51,6.24,1.16,17.319999999999997,1.78,29.689999999999998,0.28,3.05
15,E06000016,Leicester,6,Not answered,3.12,26.710000000000004,0.93,10.7,1.0,11.679999999999998,0.37,3.78,1.61,16.099999999999998,2.1,26.759999999999998,0.47,4.27
16,E06000017,Rutland,6,Not answered,0.95,13.079999999999998,0.36,8.62,0.82,15.389999999999999,0.3,5.6499999999999995,0.68,17.010000000000005,1.56,37.940000000000005,0.14,2.31
17,E06000018,Nottingham,6,Not answered,1.92,19.490000000000002,0.63,8.729999999999999,0.82,11.29,0.29,4.09,2.71,25.050000000000004,1.96,28.619999999999997,0.25,2.6899999999999995
18,E06000019,Herefordshire,6,Not answered,1.86,18.01,0.54,9.530000000000001,0.82,14.129999999999999,0.38,5.89,0.85,16.920000000000005,1.75,32.72,0.25,2.8
19,E06000020,Telford and Wrekin,6,Not answered,1.76,19.950000000000003,0.58,11.25,0.74,15.62,0.33,5.52,0.89,18.67,1.19,26.1,0.23,2.8699999999999997
20,E06000021,Stoke-on-Trent,6,Not answered,2.5,25.91,0.65,10.959999999999999,0.83,14.789999999999997,0.46,6.869999999999999,0.97,16.839999999999996,1.22,21.83,0.23,2.7899999999999996
21,E06000022,Bath and North East Somerset,6,Not answered,1.02,12.249999999999998,0.37,7.409999999999999,0.65,11.85,0.29,4.71,1.45,21.839999999999996,1.84,39.76000000000001,0.17,2.17
22,E06000023,Bristol,6,Not answered,1.39,14.53,0.5,7.529999999999999,0.68,10.719999999999999,0.27,3.92,1.39,18.990000000000006,2.31,42.12,0.19,2.19
23,E06000024,North Somerset,6,Not answered,1.32,14.909999999999998,0.5,9.649999999999999,0.69,14.829999999999998,0.34,5.97,0.74,18.13,1.4,33.88000000000001,0.22,2.64
24,E06000025,South Gloucestershire,6,Not answered,1.13,14.23,0.44,10.11,0.6,14.309999999999999,0.33,6.37,0.94,19.560000000000006,1.4,32.95,0.17,2.4399999999999995
25,E06000026,Plymouth,6,Not answered,1.33,17.33,0.46,9.78,0.59,14.059999999999999,0.36,7.24,1.12,21.660000000000004,1.21,27.51,0.16,2.41
26,E06000027,Torbay,6,Not answered,1.69,19.770000000000003,0.57,11.709999999999999,0.73,15.459999999999999,0.41,7.43,0.75,17.280000000000005,1.24,25.32,0.25,3.03
27,E06000030,Swindon,6,Not answered,1.54,17.33,0.71,13.009999999999998,0.75,16.169999999999998,0.34,5.85,0.67,16.33,1.39,27.92,0.29,3.4
28,E06000031,Peterborough,6,Not answered,2.27,22.36,0.87,12.339999999999998,0.85,14.439999999999998,0.39,5.539999999999999,0.79,15.36,1.54,26.22,0.38,3.7399999999999993
29,E06000032,Luton,6,Not answered,2.6,22.860000000000007,1.02,11.389999999999999,1.02,12.7,0.41,4.83,1.13,14.389999999999997,2.52,29.83,0.47,3.9899999999999993
30,E06000033,Southend-on-Sea,6,Not answered,1.5,19.69,0.61,12.009999999999998,0.78,15.809999999999999,0.28,5.069999999999999,0.76,17.28,1.26,27.21,0.18,2.92
31,E06000034,Thurrock,6,Not answered,1.59,21.580000000000002,0.61,12.199999999999998,0.68,15.579999999999998,0.31,4.959999999999999,0.7,16.25,1.49,26.199999999999996,0.27,3.21
32,E06000035,Medway,6,Not answered,1.43,19.37,0.56,12.07,0.7,15.899999999999999,0.32,6.109999999999999,0.81,17.95,1.28,25.59,0.19,2.9699999999999998
33,E06000036,Bracknell Forest,6,Not answered,0.93,13.2,0.46,10.59,0.68,14.939999999999998,0.24,5.17,0.66,17.890000000000004,1.6,35.59000000000001,0.16,2.61
34,E06000037,West Berkshire,6,Not answered,1.11,14.149999999999999,0.39,9.93,0.62,14.499999999999998,0.26,5.199999999999999,0.65,16.870000000000005,1.56,37.00000000000001,0.14,2.37
35,E06000038,Reading,6,Not answered,1.59,15.829999999999998,0.53,9.159999999999998,0.69,10.649999999999999,0.3,4.14,1.34,16.8,2.6,40.42,0.31,3.0199999999999996
36,E06000039,Slough,6,Not answered,2.23,20.16,0.9,10.73,0.96,12.059999999999999,0.39,4.21,1.0,13.619999999999997,2.73,34.82,0.49,4.419999999999999
37,E06000040,Windsor and Maidenhead,6,Not answered,1.11,12.579999999999998,0.44,8.149999999999999,0.71,12.869999999999997,0.22,4.1,0.7,14.839999999999998,2.16,44.96000000000001,0.21,2.52
38,E06000041,Wokingham,6,Not answered,0.84,10.419999999999998,0.39,8.09,0.59,12.61,0.21,4.07,0.72,16.32,2.03,46.190000000000005,0.18,2.27
39,E06000042,Milton Keynes,6,Not answered,1.39,15.809999999999999,0.61,10.849999999999998,0.73,14.219999999999999,0.28,4.6499999999999995,0.76,15.739999999999998,1.97,35.83,0.27,2.8499999999999996
40,E06000043,Brighton and Hove,6,Not answered,0.94,12.43,0.38,7.019999999999999,0.59,10.66,0.2,3.41,1.41,19.690000000000005,2.49,44.52,0.21,2.2699999999999996
41,E06000044,Portsmouth,6,Not answered,1.41,17.42,0.52,9.62,0.69,13.119999999999997,0.29,5.319999999999999,1.6,21.830000000000002,1.52,29.98,0.22,2.71
42,E06000045,Southampton,6,Not answered,1.58,17.32,0.55,9.53,0.67,12.559999999999999,0.36,5.430000000000001,1.53,20.54,1.89,31.639999999999997,0.29,2.9799999999999995
43,E06000046,Isle of Wight,6,Not answered,1.63,18.45,0.62,11.169999999999998,0.76,14.639999999999999,0.49,7.46,0.84,17.930000000000003,1.46,27.410000000000004,0.23,2.94
44,E06000047,County Durham,6,Not answered,1.37,20.92,0.35,9.53,0.51,14.209999999999999,0.27,6.23,0.96,19.910000000000004,0.96,26.730000000000004,0.13,2.4299999999999997
45,E06000049,Cheshire East,6,Not answered,1.12,15.02,0.39,8.67,0.58,13.7,0.32,5.89,0.63,16.810000000000002,1.41,37.57,0.17,2.34
46,E06000050,Cheshire West and Chester,6,Not answered,1.13,15.829999999999998,0.38,9.290000000000001,0.53,13.689999999999998,0.27,5.379999999999999,0.77,17.750000000000004,1.35,35.68000000000001,0.13,2.3299999999999996
47,E06000051,Shropshire,6,Not answered,1.51,16.74,0.54,9.599999999999998,0.8,15.02,0.38,6.069999999999999,0.78,17.420000000000005,1.52,32.510000000000005,0.21,2.62
48,E06000052,Cornwall,6,Not answered,1.46,16.32,0.52,9.999999999999998,0.79,15.16,0.4,6.58,0.93,18.84,1.51,30.560000000000002,0.19,2.54
49,E06000053,Isles of Scilly,6,Not answered,1.04,12.310000000000002,0.35,6.88,0.69,15.72,0.4,5.08,0.75,19.71,1.39,37.87,0.06,2.43
50,E06000054,Wiltshire,6,Not answered,1.19,14.419999999999998,0.47,10.209999999999999,0.67,14.95,0.31,5.56,0.7,18.28,1.42,34.17,0.17,2.42
51,E06000055,Bedford,6,Not answered,1.49,16.75,0.59,10.37,0.66,13.479999999999999,0.35,5.569999999999999,0.77,16.189999999999998,1.68,34.69,0.24,2.8999999999999995
52,E06000056,Central Bedfordshire,6,Not answered,1.13,15.04,0.44,10.409999999999998,0.58,14.739999999999998,0.3,5.93,0.67,18.200000000000006,1.36,33.21,0.19,2.4499999999999997
53,E06000057,Northumberland,6,Not answered,1.19,17.910000000000004,0.36,9.69,0.52,14.459999999999999,0.33,6.92,0.59,17.730000000000008,1.11,30.74,0.13,2.52
54,E06000058,"Bournemouth, Christchurch and Poole",6,Not answered,1.37,15.93,0.49,9.889999999999999,0.71,14.129999999999999,0.35,6.029999999999999,1.13,19.049999999999997,1.71,32.08,0.22,2.91
55,E06000059,Dorset,6,Not answered,1.33,15.799999999999999,0.51,10.43,0.76,14.989999999999998,0.37,6.819999999999999,0.77,17.670000000000005,1.45,31.48,0.2,2.83
56,E06000060,Buckinghamshire,6,Not answered,1.21,13.759999999999998,0.48,8.889999999999999,0.7,13.419999999999998,0.27,4.789999999999999,0.74,15.749999999999998,1.92,40.980000000000004,0.2,2.42
57,E06000061,North Northamptonshire,6,Not answered,1.75,19.950000000000003,0.63,11.9,0.71,15.369999999999997,0.39,6.309999999999999,0.7,16.68,1.3,26.72,0.25,3.0799999999999996
58,E06000062,West Northamptonshire,6,Not answered,1.64,17.419999999999998,0.63,10.87,0.75,14.319999999999999,0.37,5.77,0.84,16.9,1.64,31.770000000000003,0.29,2.9599999999999995
59,E07000008,Cambridge,6,Not answered,1.05,9.579999999999998,0.36,4.799999999999999,0.53,6.89,0.21,2.5899999999999994,2.52,18.18,4.35,55.83,0.26,2.1100000000000003
60,E07000009,East Cambridgeshire,6,Not answered,1.48,16.57,0.46,9.790000000000001,0.57,13.489999999999998,0.33,6.14,0.61,16.439999999999998,1.58,35.01,0.18,2.5999999999999996
61,E07000010,Fenland,6,Not answered,2.39,25.810000000000006,0.66,12.889999999999999,0.73,15.739999999999998,0.45,6.76,0.69,16.32,1.0,19.040000000000006,0.36,3.4399999999999995
62,E07000011,Huntingdonshire,6,Not answered,1.17,15.629999999999999,0.48,10.649999999999999,0.56,14.569999999999999,0.3,5.54,0.63,17.540000000000003,1.41,33.46,0.15,2.59
63,E07000012,South Cambridgeshire,6,Not answered,1.01,11.829999999999998,0.36,7.74,0.57,11.67,0.25,4.64,0.64,14.16,2.28,47.839999999999996,0.16,2.12
64,E07000026,Allerdale,6,Not answered,1.47,20.62,0.38,9.9,0.61,13.859999999999998,0.35,7.47,0.64,17.250000000000004,1.01,28.370000000000005,0.14,2.49
65,E07000027,Barrow-in-Furness,6,Not answered,1.38,18.46,0.45,9.889999999999999,0.53,13.209999999999997,0.59,10.87,0.77,20.51,0.99,24.759999999999998,0.16,2.2800000000000002
66,E07000028,Carlisle,6,Not answered,1.6,19.86,0.44,10.54,0.6,14.599999999999998,0.39,7.079999999999999,0.66,17.500000000000004,1.13,27.9,0.19,2.5199999999999996
67,E07000029,Copeland,6,Not answered,1.51,21.230000000000008,0.47,10.04,0.56,13.879999999999999,0.34,8.06,0.66,18.330000000000005,1.02,25.96,0.12,2.46
68,E07000030,Eden,6,Not answered,1.47,17.34,0.46,9.96,0.72,14.27,0.36,6.71,0.69,16.850000000000005,1.42,32.56,0.17,2.32
69,E07000031,South Lakeland,6,Not answered,1.16,13.819999999999999,0.36,8.24,0.61,12.889999999999999,0.38,7.05,0.76,17.100000000000005,1.73,38.56,0.17,2.33
70,E07000032,Amber Valley,6,Not answered,1.82,19.670000000000005,0.48,10.43,0.64,14.29,0.41,6.7,0.7,17.820000000000004,1.24,28.81,0.15,2.28
71,E07000033,Bolsover,6,Not answered,2.1,24.180000000000003,0.55,11.62,0.67,15.2,0.37,6.82,0.65,17.76,0.89,21.730000000000004,0.19,2.7199999999999998
72,E07000034,Chesterfield,6,Not answered,1.7,20.200000000000003,0.58,10.909999999999998,0.71,15.18,0.36,6.41,0.68,17.96,1.09,26.810000000000002,0.17,2.52
73,E07000035,Derbyshire Dales,6,Not answered,1.34,15.69,0.41,8.67,0.66,13.299999999999999,0.26,5.1899999999999995,0.62,15.7,1.58,39.21,0.2,2.21
74,E07000036,Erewash,6,Not answered,1.59,19.810000000000002,0.46,11.17,0.61,14.989999999999998,0.38,7.449999999999999,0.7,18.210000000000004,1.01,25.870000000000005,0.17,2.4799999999999995
75,E07000037,High Peak,6,Not answered,1.2,14.959999999999997,0.38,9.34,0.58,13.759999999999998,0.33,6.06,0.66,18.17,1.42,35.580000000000005,0.13,2.1499999999999995
76,E07000038,North East Derbyshire,6,Not answered,1.66,20.010000000000005,0.49,10.68,0.61,14.499999999999998,0.32,6.82,0.62,17.980000000000008,1.06,27.59,0.17,2.44
77,E07000039,South Derbyshire,6,Not answered,1.34,16.009999999999998,0.45,9.889999999999999,0.54,14.77,0.32,6.25,0.65,18.810000000000002,1.16,31.82,0.16,2.43
78,E07000040,East Devon,6,Not answered,1.31,15.08,0.5,9.93,0.73,14.92,0.41,6.43,0.76,17.050000000000008,1.57,33.84,0.21,2.73
79,E07000041,Exeter,6,Not answered,1.29,13.54,0.4,8.18,0.6,11.439999999999998,0.3,4.77,1.84,25.069999999999997,1.89,34.68000000000001,0.21,2.3
80,E07000042,Mid Devon,6,Not answered,1.5,17.03,0.53,10.2,0.72,15.459999999999999,0.36,6.04,0.78,17.980000000000004,1.42,30.68,0.18,2.58
81,E07000043,North Devon,6,Not answered,1.47,17.76,0.56,11.08,0.81,15.49,0.4,6.76,0.79,17.76,1.32,28.540000000000003,0.2,2.5900000000000003
82,E07000044,South Hams,6,Not answered,0.98,12.979999999999999,0.35,8.43,0.63,13.5,0.32,5.87,0.72,16.92,1.78,39.85000000000001,0.16,2.45
83,E07000045,Teignbridge,6,Not answered,1.34,15.659999999999998,0.47,10.12,0.7,14.809999999999999,0.37,6.53,0.79,17.390000000000004,1.57,32.76,0.18,2.71
84,E07000046,Torridge,6,Not answered,1.8,18.800000000000004,0.68,11.54,0.87,15.759999999999998,0.42,7.3,0.72,17.610000000000003,1.24,26.16,0.2,2.81
85,E07000047,West Devon,6,Not answered,1.43,15.569999999999999,0.53,10.04,0.69,14.629999999999999,0.38,6.31,0.72,16.780000000000005,1.58,34.040000000000006,0.2,2.6
86,E07000061,Eastbourne,6,Not answered,1.61,18.400000000000002,0.65,11.09,0.78,14.659999999999998,0.37,5.6899999999999995,0.89,17.070000000000004,1.63,29.8,0.29,3.2800000000000002
87,E07000062,Hastings,6,Not answered,1.89,20.140000000000004,0.6,11.239999999999998,0.81,15.069999999999999,0.3,5.1,0.83,17.09,1.61,28.6,0.25,2.78
88,E07000063,Lewes,6,Not answered,1.18,16.06,0.44,10.209999999999999,0.68,14.209999999999999,0.29,5.409999999999999,0.77,16.58,1.64,34.81,0.18,2.69
89,E07000064,Rother,6,Not answered,1.67,18.870000000000005,0.55,11.09,0.69,14.7,0.37,5.95,0.77,16.41,1.44,29.87,0.28,3.12
90,E07000065,Wealden,6,Not answered,1.25,14.94,0.48,10.43,0.68,15.589999999999998,0.3,5.79,0.72,17.990000000000002,1.44,32.589999999999996,0.15,2.6599999999999997
91,E07000066,Basildon,6,Not answered,1.43,20.73,0.57,13.07,0.64,16.47,0.29,5.359999999999999,0.63,17.040000000000003,1.12,24.580000000000002,0.17,2.7499999999999996
92,E07000067,Braintree,6,Not answered,1.56,18.34,0.49,12.299999999999999,0.65,16.69,0.29,5.8999999999999995,0.66,18.230000000000004,1.02,25.82,0.19,2.7099999999999995
93,E07000068,Brentwood,6,Not answered,1.1,15.079999999999998,0.43,9.65,0.64,15.37,0.25,4.71,0.63,17.150000000000006,1.51,35.39,0.2,2.6100000000000003
94,E07000069,Castle Point,6,Not answered,1.71,23.860000000000003,0.52,13.629999999999999,0.64,16.970000000000006,0.32,6.7700000000000005,0.63,17.020000000000003,0.76,18.480000000000004,0.17,3.27
95,E07000070,Chelmsford,6,Not answered,1.16,15.16,0.44,10.36,0.67,15.239999999999998,0.26,5.159999999999999,0.74,17.550000000000004,1.43,33.900000000000006,0.19,2.63
96,E07000071,Colchester,6,Not answered,1.26,15.379999999999999,0.48,10.309999999999999,0.65,14.839999999999998,0.25,5.209999999999999,1.13,19.459999999999997,1.58,32.23,0.17,2.5699999999999994
97,E07000072,Epping Forest,6,Not answered,1.5,18.860000000000003,0.41,10.36,0.69,14.639999999999999,0.26,4.989999999999999,0.7,15.979999999999999,1.54,32.43,0.19,2.71
98,E07000073,Harlow,6,Not answered,1.65,21.009999999999998,0.63,13.4,0.76,15.899999999999999,0.29,5.629999999999999,0.73,16.58,1.3,24.43,0.18,3.0099999999999993
99,E07000074,Maldon,6,Not answered,1.35,19.250000000000007,0.44,12.169999999999998,0.59,16.09,0.3,6.489999999999999,0.54,17.67,0.97,25.419999999999998,0.14,2.9099999999999997
100,E07000075,Rochford,6,Not answered,1.23,19.180000000000003,0.44,12.85,0.56,17.46,0.28,6.28,0.62,18.53000000000001,0.82,22.740000000000006,0.14,2.94
101,E07000076,Tendring,6,Not answered,2.21,26.240000000000006,0.65,12.94,0.76,15.27,0.42,6.819999999999999,0.67,15.569999999999999,0.93,19.87,0.22,3.27
102,E07000077,Uttlesford,6,Not answered,1.05,13.77,0.37,9.499999999999998,0.54,15.55,0.23,5.08,0.65,17.250000000000004,1.46,36.620000000000005,0.11,2.23
103,E07000078,Cheltenham,6,Not answered,1.1,13.389999999999999,0.39,7.989999999999998,0.61,12.529999999999998,0.23,4.4,0.83,16.15,1.84,43.120000000000005,0.23,2.4499999999999997
104,E07000079,Cotswold,6,Not answered,1.02,13.679999999999998,0.35,8.85,0.61,13.94,0.21,4.8,0.77,16.48,1.49,39.80000000000001,0.21,2.42
105,E07000080,Forest of Dean,6,Not answered,1.65,18.39,0.49,10.46,0.76,15.629999999999999,0.34,6.459999999999999,0.81,17.620000000000005,1.31,28.78,0.18,2.66
106,E07000081,Gloucester,6,Not answered,1.63,18.21,0.59,11.53,0.73,15.27,0.33,6.1,0.88,18.669999999999998,1.29,27.4,0.24,2.8
107,E07000082,Stroud,6,Not answered,1.16,13.499999999999998,0.44,8.999999999999998,0.62,13.839999999999998,0.34,5.619999999999999,0.74,17.080000000000005,1.72,38.68,0.14,2.25
108,E07000083,Tewkesbury,6,Not answered,1.1,13.85,0.41,9.78,0.63,14.87,0.35,5.72,0.68,17.390000000000008,1.38,35.88,0.23,2.4899999999999998
109,E07000084,Basingstoke and Deane,6,Not answered,1.04,14.219999999999999,0.4,10.62,0.57,14.399999999999999,0.22,4.9399999999999995,0.65,18.039999999999996,1.48,35.25,0.16,2.52
110,E07000085,East Hampshire,6,Not answered,1.05,13.11,0.37,8.729999999999999,0.6,14.499999999999998,0.25,4.8,0.7,17.790000000000003,1.51,38.72,0.18,2.33
111,E07000086,Eastleigh,6,Not answered,0.94,13.719999999999999,0.4,10.15,0.57,14.86,0.31,6.579999999999999,0.62,19.040000000000006,1.2,33.120000000000005,0.15,2.51
112,E07000087,Fareham,6,Not answered,1.05,13.86,0.4,9.8,0.54,14.579999999999998,0.35,6.579999999999999,0.62,19.260000000000005,1.19,33.370000000000005,0.13,2.55
113,E07000088,Gosport,6,Not answered,1.16,17.400000000000006,0.46,12.65,0.54,15.86,0.32,6.6899999999999995,0.72,19.83,0.91,24.76,0.13,2.8
114,E07000089,Hart,6,Not answered,0.73,10.889999999999999,0.31,8.790000000000001,0.48,14.08,0.19,4.7299999999999995,0.57,17.830000000000005,1.52,41.360000000000014,0.18,2.3200000000000003
115,E07000090,Havant,6,Not answered,1.39,19.93,0.44,11.309999999999999,0.61,15.279999999999998,0.3,6.3999999999999995,0.63,17.77,1.16,26.5,0.18,2.79
116,E07000091,New Forest,6,Not answered,1.35,16.099999999999998,0.45,10.259999999999998,0.61,14.78,0.37,6.9799999999999995,0.72,17.720000000000006,1.36,31.19,0.23,2.94
117,E07000092,Rushmoor,6,Not answered,1.4,18.310000000000002,0.6,11.859999999999998,0.63,14.259999999999998,0.31,5.59,0.72,17.13,1.42,29.82,0.26,3.08
118,E07000093,Test Valley,6,Not answered,1.08,14.1,0.45,9.819999999999999,0.63,14.35,0.25,5.43,0.68,18.03,1.44,35.68000000000001,0.16,2.5500000000000003
119,E07000094,Winchester,6,Not answered,0.8,11.08,0.3,6.989999999999999,0.61,12.399999999999999,0.22,4.01,1.04,18.569999999999997,1.68,44.89000000000001,0.13,2.03
120,E07000095,Broxbourne,6,Not answered,1.5,20.860000000000003,0.57,11.77,0.74,14.77,0.34,5.669999999999999,0.78,16.71,1.44,27.320000000000004,0.22,2.94
121,E07000096,Dacorum,6,Not answered,1.21,14.68,0.51,10.1,0.67,14.219999999999999,0.24,4.779999999999999,0.69,16.029999999999998,1.68,37.78000000000001,0.15,2.4199999999999995
122,E07000098,Hertsmere,6,Not answered,1.34,15.999999999999998,0.49,9.19,0.68,13.229999999999999,0.29,4.43,0.73,14.79,2.12,39.6,0.24,2.7799999999999994
123,E07000099,North Hertfordshire,6,Not answered,1.02,13.599999999999998,0.4,9.27,0.6,13.319999999999999,0.25,4.4799999999999995,0.63,15.44,1.67,41.53000000000001,0.23,2.34
124,E07000102,Three Rivers,6,Not answered,0.97,13.37,0.38,8.72,0.64,13.11,0.22,4.4399999999999995,0.65,15.29,1.93,42.7,0.18,2.36
125,E07000103,Watford,6,Not answered,1.6,15.869999999999997,0.6,9.219999999999999,0.74,12.309999999999999,0.31,4.069999999999999,0.76,14.429999999999998,2.66,41.07000000000001,0.29,3.05
126,E07000105,Ashford,6,Not answered,1.39,17.63,0.49,11.319999999999999,0.66,15.37,0.29,5.569999999999999,0.68,17.08,1.26,30.110000000000003,0.21,2.9
127,E07000106,Canterbury,6,Not answered,1.25,16.25,0.41,8.92,0.65,12.509999999999998,0.27,4.859999999999999,1.63,21.71,1.68,33.06,0.18,2.6999999999999997
128,E07000107,Dartford,6,Not answered,1.24,16.22,0.52,11.03,0.66,15.269999999999998,0.31,5.569999999999999,0.69,16.750000000000004,1.56,32.37,0.21,2.78
129,E07000108,Dover,6,Not answered,1.51,19.460000000000004,0.53,11.189999999999998,0.65,15.5,0.28,5.92,0.72,17.92,1.18,26.99,0.17,3.04
130,E07000109,Gravesham,6,Not answered,1.49,20.33,0.6,11.939999999999998,0.73,15.2,0.29,5.86,0.7,16.509999999999998,1.29,26.689999999999998,0.24,3.49
131,E07000110,Maidstone,6,Not answered,1.36,17.43,0.52,10.919999999999998,0.69,15.269999999999998,0.35,6.009999999999999,0.7,17.53,1.32,29.93,0.19,2.92
132,E07000111,Sevenoaks,6,Not answered,1.11,15.609999999999998,0.39,9.62,0.67,14.549999999999999,0.24,4.8,0.6,15.629999999999999,1.59,37.34000000000001,0.15,2.4399999999999995
133,E07000112,Folkestone and Hythe,6,Not answered,1.42,19.39,0.51,11.62,0.63,14.85,0.33,6.329999999999999,0.69,17.250000000000004,1.19,27.38,0.16,3.17
134,E07000113,Swale,6,Not answered,1.48,21.990000000000002,0.5,12.319999999999999,0.61,15.549999999999999,0.32,6.28,0.62,17.230000000000004,1.03,23.700000000000003,0.17,2.92
135,E07000114,Thanet,6,Not answered,1.66,21.660000000000004,0.53,11.559999999999999,0.65,14.42,0.33,6.199999999999999,0.66,16.720000000000002,1.24,26.31,0.2,3.15
136,E07000115,Tonbridge and Malling,6,Not answered,1.07,15.469999999999999,0.43,10.57,0.65,15.809999999999999,0.26,5.539999999999999,0.65,17.490000000000002,1.29,32.53,0.16,2.5700000000000003
137,E07000116,Tunbridge Wells,6,Not answered,1.22,13.49,0.4,8.66,0.77,14.499999999999998,0.22,4.1899999999999995,0.69,15.559999999999999,1.74,41.13000000000001,0.24,2.4699999999999998
138,E07000117,Burnley,6,Not answered,2.33,24.410000000000004,0.68,11.129999999999999,0.77,13.839999999999998,0.38,6.54,0.79,16.77,1.28,24.35,0.32,2.979999999999999
139,E07000118,Chorley,6,Not answered,1.16,15.999999999999998,0.43,9.339999999999998,0.52,13.969999999999999,0.34,6.709999999999999,0.63,17.92,1.22,33.839999999999996,0.15,2.2099999999999995
140,E07000119,Fylde,6,Not answered,1.13,16.04,0.37,9.249999999999998,0.58,13.879999999999999,0.3,6.329999999999999,0.6,17.400000000000006,1.23,34.470000000000006,0.13,2.61
141,E07000120,Hyndburn,6,Not answered,1.99,22.78,0.64,10.43,0.77,14.199999999999998,0.41,7.279999999999999,0.76,17.560000000000002,1.14,25.16,0.23,2.5799999999999996
142,E07000121,Lancaster,6,Not answered,1.24,15.790000000000001,0.39,8.6,0.65,12.549999999999999,0.32,5.68,1.56,22.619999999999997,1.64,32.31,0.19,2.4499999999999997
143,E07000122,Pendle,6,Not answered,2.51,24.78,0.74,10.65,0.84,12.94,0.48,6.449999999999999,1.0,16.64,1.5,25.370000000000005,0.29,3.1699999999999995
144,E07000123,Preston,6,Not answered,1.79,19.44,0.57,9.399999999999999,0.74,12.829999999999998,0.41,5.409999999999999,1.15,18.249999999999996,1.69,31.720000000000002,0.29,2.9499999999999997
145,E07000124,Ribble Valley,6,Not answered,1.07,13.229999999999999,0.37,7.88,0.55,13.110000000000001,0.31,6.749999999999999,0.58,17.220000000000002,1.22,39.75,0.19,2.07
146,E07000125,Rossendale,6,Not answered,1.43,18.640000000000004,0.55,9.48,0.7,14.219999999999999,0.35,6.379999999999999,0.69,18.430000000000007,1.21,30.640000000000004,0.13,2.2199999999999998
147,E07000126,South Ribble,6,Not answered,1.11,15.669999999999998,0.39,9.59,0.51,14.089999999999998,0.36,7.31,0.63,19.040000000000006,1.1,31.970000000000002,0.12,2.3400000000000003
148,E07000127,West Lancashire,6,Not answered,1.18,17.77,0.39,9.23,0.61,13.689999999999998,0.36,5.87,1.11,21.029999999999998,1.21,29.96,0.15,2.4499999999999997
149,E07000128,Wyre,6,Not answered,1.39,19.810000000000006,0.39,10.07,0.61,14.689999999999998,0.33,7.13,0.68,17.510000000000005,1.06,28.279999999999998,0.15,2.52
150,E07000129,Blaby,6,Not answered,1.29,17.28,0.43,10.0,0.6,14.209999999999999,0.36,7.1000000000000005,0.7,18.44,1.26,30.53,0.17,2.42
151,E07000130,Charnwood,6,Not answered,1.19,15.77,0.41,9.04,0.61,12.389999999999999,0.34,5.869999999999999,1.51,22.05,1.52,32.59,0.19,2.3
152,E07000131,Harborough,6,Not answered,1.1,13.6,0.4,8.98,0.59,13.989999999999998,0.28,6.0,0.65,17.280000000000005,1.4,37.77,0.14,2.3400000000000003
153,E07000132,Hinckley and Bosworth,6,Not answered,1.31,18.340000000000003,0.42,10.68,0.56,14.459999999999999,0.31,6.589999999999999,0.63,17.990000000000002,1.12,29.42,0.14,2.52
154,E07000133,Melton,6,Not answered,1.29,16.369999999999997,0.39,9.98,0.56,14.67,0.4,6.74,0.65,18.410000000000004,1.34,31.09,0.18,2.71
155,E07000134,North West Leicestershire,6,Not answered,1.44,18.35,0.39,9.94,0.56,14.08,0.34,6.449999999999999,0.66,18.760000000000005,1.17,29.97,0.17,2.4299999999999997
156,E07000135,Oadby and Wigston,6,Not answered,1.52,18.570000000000004,0.52,9.709999999999999,0.62,12.779999999999998,0.38,5.699999999999999,1.28,18.490000000000002,1.65,32.040000000000006,0.2,2.7
157,E07000136,Boston,6,Not answered,3.78,27.65,0.89,12.709999999999999,0.91,14.37,0.72,7.37,0.85,14.159999999999998,1.33,19.040000000000006,0.52,4.699999999999999
158,E07000137,East Lindsey,6,Not answered,2.38,25.23,0.62,11.479999999999999,0.82,15.159999999999998,0.46,7.039999999999999,0.74,16.529999999999998,1.08,21.520000000000003,0.21,3.0599999999999996
159,E07000138,Lincoln,6,Not answered,1.79,17.39,0.57,9.719999999999999,0.74,12.799999999999999,0.38,5.56,2.06,25.56,1.5,26.359999999999996,0.24,2.62
160,E07000139,North Kesteven,6,Not answered,1.35,16.21,0.41,9.93,0.64,14.86,0.35,6.4799999999999995,0.71,20.060000000000006,1.09,29.880000000000003,0.19,2.5799999999999996
161,E07000140,South Holland,6,Not answered,2.82,24.560000000000002,0.79,12.469999999999999,0.91,15.729999999999999,0.53,7.08,0.76,16.05,1.17,20.080000000000005,0.51,4.029999999999999
162,E07000141,South Kesteven,6,Not answered,1.41,16.93,0.48,10.54,0.62,15.199999999999998,0.37,6.529999999999999,0.69,17.990000000000006,1.22,30.12,0.19,2.6799999999999997
163,E07000142,West Lindsey,6,Not answered,1.43,18.100000000000005,0.53,10.37,0.61,14.679999999999998,0.33,6.77,0.62,18.100000000000005,1.11,29.310000000000002,0.19,2.66
164,E07000143,Breckland,6,Not answered,2.12,22.25,0.58,12.04,0.72,15.59,0.42,6.85,0.7,16.900000000000002,1.1,23.090000000000003,0.29,3.2899999999999996
165,E07000144,Broadland,6,Not answered,1.36,17.57,0.46,11.09,0.61,15.709999999999999,0.34,7.34,0.64,18.130000000000006,1.05,27.43,0.18,2.71
166,E07000145,Great Yarmouth,6,Not answered,2.3,26.509999999999998,0.74,12.989999999999998,0.8,15.629999999999999,0.45,7.22,0.69,15.969999999999999,0.91,18.25,0.26,3.4400000000000004
167,E07000146,King's Lynn and West Norfolk,6,Not answered,2.13,23.4,0.71,12.099999999999998,0.75,15.129999999999999,0.42,6.38,0.71,16.419999999999998,1.24,23.31,0.27,3.27
168,E07000147,North Norfolk,6,Not answered,1.98,20.560000000000006,0.6,11.59,0.78,15.229999999999999,0.44,7.07,0.76,16.19,1.4,26.240000000000002,0.25,3.12
169,E07000148,Norwich,6,Not answered,1.53,17.08,0.55,9.229999999999999,0.66,11.95,0.31,4.279999999999999,1.47,20.86,1.86,34.11,0.21,2.4699999999999998
170,E07000149,South Norfolk,6,Not answered,1.38,17.06,0.45,10.079999999999998,0.63,14.98,0.32,6.01,0.59,17.310000000000006,1.23,32.04,0.13,2.51
171,E07000163,Craven,6,Not answered,1.19,14.549999999999999,0.37,8.819999999999999,0.61,13.269999999999998,0.32,6.45,0.6,17.090000000000003,1.47,37.62000000000001,0.14,2.1799999999999997
172,E07000164,Hambleton,6,Not answered,1.25,15.18,0.37,8.839999999999998,0.55,13.41,0.35,6.499999999999999,0.56,17.14,1.39,36.59,0.11,2.33
173,E07000165,Harrogate,6,Not answered,1.51,13.749999999999998,0.4,8.34,0.66,13.889999999999999,0.35,5.489999999999999,0.62,16.16,1.52,39.94000000000001,0.2,2.41
174,E07000166,Richmondshire,6,Not answered,1.09,15.399999999999999,0.34,9.34,0.52,14.6,0.35,6.919999999999999,0.67,18.610000000000007,1.35,32.82000000000001,0.16,2.28
175,E07000167,Ryedale,6,Not answered,1.39,17.73,0.46,9.46,0.71,14.529999999999998,0.38,6.499999999999999,0.61,16.31,1.34,33.03,0.15,2.44
176,E07000168,Scarborough,6,Not answered,1.7,20.570000000000004,0.5,10.07,0.66,14.12,0.48,8.12,0.69,16.780000000000005,1.33,27.54,0.22,2.78
177,E07000169,Selby,6,Not answered,1.18,16.04,0.38,10.18,0.57,14.62,0.31,6.589999999999999,0.59,18.180000000000003,1.11,32.080000000000005,0.13,2.3099999999999996
178,E07000170,Ashfield,6,Not answered,2.07,23.590000000000003,0.55,11.96,0.75,15.68,0.4,6.75,0.73,17.880000000000006,0.97,21.58,0.17,2.5399999999999996
179,E07000171,Bassetlaw,6,Not answered,1.86,21.590000000000003,0.53,10.95,0.67,14.78,0.45,6.69,0.69,17.420000000000005,1.0,25.51,0.22,3.06
180,E07000172,Broxtowe,6,Not answered,1.31,17.38,0.39,9.47,0.55,12.41,0.32,5.97,0.85,18.110000000000003,1.45,34.190000000000005,0.17,2.4499999999999997
181,E07000173,Gedling,6,Not answered,1.3,17.630000000000006,0.43,9.7,0.56,13.82,0.26,6.1899999999999995,0.66,18.32,1.29,31.859999999999996,0.17,2.53
182,E07000174,Mansfield,6,Not answered,1.95,24.300000000000004,0.55,11.69,0.66,14.659999999999998,0.42,6.549999999999999,0.65,17.59,0.98,22.07,0.21,3.1599999999999997
183,E07000175,Newark and Sherwood,6,Not answered,1.63,19.080000000000002,0.53,10.379999999999999,0.6,14.62,0.34,6.2299999999999995,0.72,18.05,1.21,29.020000000000003,0.2,2.6300000000000003
184,E07000176,Rushcliffe,6,Not answered,0.91,12.0,0.28,7.08,0.52,12.009999999999998,0.23,4.48,0.77,17.030000000000005,1.68,45.25000000000001,0.14,2.13
185,E07000177,Cherwell,6,Not answered,1.43,16.04,0.49,10.5,0.65,13.92,0.33,5.59,0.65,16.06,1.6,35.11,0.24,2.76
186,E07000178,Oxford,6,Not answered,1.36,12.579999999999998,0.43,6.099999999999999,0.71,7.599999999999999,0.22,2.77,3.34,20.56,3.56,48.059999999999995,0.27,2.3
187,E07000179,South Oxfordshire,6,Not answered,0.97,12.44,0.37,8.509999999999998,0.58,12.68,0.25,4.81,0.67,15.719999999999999,1.84,43.59,0.18,2.23
188,E07000180,Vale of White Horse,6,Not answered,0.96,12.529999999999998,0.37,8.54,0.54,12.229999999999997,0.25,4.97,0.67,15.459999999999999,2.02,44.03000000000001,0.16,2.25
189,E07000181,West Oxfordshire,6,Not answered,1.03,13.929999999999998,0.38,9.49,0.52,13.45,0.28,5.4,0.55,17.160000000000007,1.44,38.29,0.17,2.28
190,E07000187,Mendip,6,Not answered,1.44,16.15,0.52,9.479999999999999,0.82,14.929999999999998,0.35,5.699999999999999,0.8,17.400000000000002,1.68,33.95,0.16,2.41
191,E07000188,Sedgemoor,6,Not answered,1.74,19.549999999999997,0.58,11.229999999999999,0.74,15.579999999999998,0.46,6.779999999999999,0.69,17.870000000000005,1.08,26.08,0.23,2.8699999999999997
192,E07000189,South Somerset,6,Not answered,1.48,16.509999999999998,0.62,10.499999999999998,0.8,15.299999999999999,0.44,7.24,0.81,18.01,1.41,29.600000000000005,0.2,2.83
193,E07000192,Cannock Chase,6,Not answered,1.5,21.99,0.43,11.899999999999999,0.6,15.849999999999998,0.28,6.05,0.6,18.810000000000006,0.78,22.730000000000004,0.15,2.64
194,E07000193,East Staffordshire,6,Not answered,1.92,20.119999999999997,0.66,10.709999999999999,0.76,14.53,0.38,5.999999999999999,0.76,16.990000000000006,1.33,28.68,0.28,2.9799999999999995
195,E07000194,Lichfield,6,Not answered,1.19,17.05,0.4,10.08,0.54,14.099999999999998,0.23,5.35,0.53,17.190000000000005,1.15,33.63000000000001,0.17,2.59
196,E07000195,Newcastle-under-Lyme,6,Not answered,1.65,20.06,0.48,9.7,0.58,13.62,0.37,6.67,1.14,19.58,1.15,28.04,0.15,2.3499999999999996
197,E07000196,South Staffordshire,6,Not answered,1.3,19.280000000000005,0.38,10.18,0.58,14.469999999999999,0.29,6.35,0.62,17.590000000000007,1.08,29.390000000000008,0.15,2.7199999999999998
198,E07000197,Stafford,6,Not answered,1.28,15.769999999999998,0.46,9.43,0.6,14.03,0.29,5.6499999999999995,0.59,17.39,1.36,35.080000000000005,0.19,2.65
199,E07000198,Staffordshire Moorlands,6,Not answered,1.64,20.060000000000006,0.45,9.69,0.59,14.159999999999998,0.37,7.08,0.62,17.930000000000007,1.11,28.38,0.15,2.6999999999999997
200,E07000199,Tamworth,6,Not answered,1.55,21.790000000000003,0.57,12.99,0.58,16.800000000000004,0.24,5.470000000000001,0.63,18.37,0.77,21.87,0.16,2.6799999999999997
201,E07000200,Babergh,6,Not answered,1.54,17.43,0.51,11.18,0.68,15.7,0.35,6.18,0.65,17.330000000000002,1.25,29.490000000000002,0.15,2.6999999999999997
202,E07000202,Ipswich,6,Not answered,1.96,21.680000000000003,0.72,12.01,0.76,14.409999999999998,0.4,6.28,0.75,16.31,1.35,26.2,0.26,3.12
203,E07000203,Mid Suffolk,6,Not answered,1.22,17.6,0.44,10.59,0.61,14.829999999999998,0.3,6.1899999999999995,0.6,18.140000000000008,1.17,30.03,0.19,2.62
204,E07000207,Elmbridge,6,Not answered,0.85,10.81,0.3,6.47,0.56,11.43,0.19,3.2199999999999998,0.62,13.619999999999997,2.32,52.10000000000001,0.2,2.3200000000000003
205,E07000208,Epsom and Ewell,6,Not answered,1.05,12.75,0.43,7.8999999999999995,0.61,12.659999999999998,0.21,4.069999999999999,0.69,15.649999999999999,2.02,44.330000000000005,0.2,2.63
206,E07000209,Guildford,6,Not answered,0.88,11.350000000000001,0.37,7.239999999999999,0.59,11.339999999999998,0.22,3.93,1.5,19.729999999999997,2.07,44.089999999999996,0.17,2.32
207,E07000210,Mole Valley,6,Not answered,0.97,12.319999999999999,0.39,8.63,0.62,13.629999999999999,0.23,4.44,0.65,15.459999999999999,1.73,43.16,0.17,2.4099999999999997
208,E07000211,Reigate and Banstead,6,Not answered,1.09,13.129999999999999,0.44,9.149999999999999,0.68,14.2,0.23,4.36,0.7,16.349999999999998,1.8,40.24,0.19,2.58
209,E07000212,Runnymede,6,Not answered,1.28,14.489999999999998,0.41,8.99,0.6,12.559999999999999,0.26,4.68,1.65,21.32,1.87,35.27,0.21,2.7099999999999995
210,E07000213,Spelthorne,6,Not answered,1.31,16.81,0.56,11.06,0.67,14.42,0.3,5.2299999999999995,0.72,15.879999999999999,1.81,33.58,0.25,2.9899999999999998
211,E07000214,Surrey Heath,6,Not answered,0.95,13.069999999999999,0.42,9.6,0.54,14.3,0.2,4.51,0.62,16.770000000000007,1.6,39.21,0.16,2.55
212,E07000215,Tandridge,6,Not answered,1.15,13.819999999999999,0.42,9.409999999999998,0.71,15.149999999999999,0.24,4.37,0.65,17.330000000000005,1.61,37.45000000000001,0.17,2.4999999999999996
213,E07000216,Waverley,6,Not answered,0.92,11.44,0.32,7.27,0.68,13.169999999999998,0.19,3.94,0.68,15.269999999999998,1.86,46.60000000000001,0.17,2.31
214,E07000217,Woking,6,Not answered,1.06,13.25,0.41,8.44,0.64,12.44,0.2,3.87,0.59,14.629999999999999,2.08,44.730000000000004,0.19,2.65
215,E07000218,North Warwickshire,6,Not answered,1.55,22.180000000000003,0.44,11.52,0.58,15.339999999999998,0.3,6.089999999999999,0.57,17.600000000000005,0.91,24.84,0.14,2.44
216,E07000219,Nuneaton and Bedworth,6,Not answered,1.67,22.630000000000003,0.54,11.89,0.64,14.969999999999999,0.33,6.2,0.63,16.980000000000004,1.15,24.49,0.2,2.83
217,E07000220,Rugby,6,Not answered,1.45,15.689999999999998,0.53,9.759999999999998,0.75,14.019999999999998,0.4,6.37,0.73,16.439999999999998,1.57,34.900000000000006,0.26,2.8599999999999994
218,E07000221,Stratford-on-Avon,6,Not answered,1.16,14.409999999999998,0.37,8.749999999999998,0.57,13.45,0.27,5.01,0.63,16.439999999999998,1.47,39.470000000000006,0.16,2.44
219,E07000222,Warwick,6,Not answered,0.97,12.6,0.33,7.329999999999999,0.46,10.74,0.21,4.18,1.13,17.71,1.92,45.18,0.18,2.25
220,E07000223,Adur,6,Not answered,1.39,19.520000000000003,0.51,11.45,0.65,15.01,0.27,6.289999999999999,0.52,17.100000000000005,1.15,27.930000000000003,0.18,2.71
221,E07000224,Arun,6,Not answered,1.51,19.740000000000002,0.62,11.569999999999999,0.68,15.279999999999998,0.38,6.52,0.75,17.19,1.24,26.409999999999997,0.26,3.3099999999999996
222,E07000225,Chichester,6,Not answered,1.11,14.849999999999998,0.41,8.84,0.64,13.719999999999999,0.27,5.09,0.79,17.75,1.58,37.24000000000001,0.17,2.51
223,E07000226,Crawley,6,Not answered,1.43,17.830000000000002,0.82,13.28,0.84,16.31,0.31,5.229999999999999,0.77,16.4,1.5,27.549999999999997,0.3,3.399999999999999
224,E07000227,Horsham,6,Not answered,0.94,12.489999999999998,0.41,9.45,0.65,15.59,0.24,4.84,0.65,18.120000000000005,1.51,36.970000000000006,0.14,2.52
225,E07000228,Mid Sussex,6,Not answered,0.94,11.739999999999998,0.39,9.34,0.69,15.009999999999998,0.23,4.680000000000001,0.72,18.05,1.55,38.67000000000001,0.17,2.53
226,E07000229,Worthing,6,Not answered,1.34,16.23,0.59,10.69,0.7,15.219999999999997,0.33,5.42,0.75,17.770000000000003,1.47,31.75,0.23,2.9299999999999997
227,E07000234,Bromsgrove,6,Not answered,1.23,15.69,0.37,9.059999999999999,0.62,14.089999999999998,0.27,5.34,0.65,16.61,1.31,36.62000000000001,0.2,2.56
228,E07000235,Malvern Hills,6,Not answered,1.27,14.569999999999999,0.45,8.6,0.73,13.969999999999999,0.32,5.49,0.73,16.069999999999997,1.68,38.76000000000001,0.19,2.5199999999999996
229,E07000236,Redditch,6,Not answered,1.59,20.789999999999996,0.58,11.639999999999999,0.74,15.69,0.3,5.85,0.72,17.240000000000002,1.13,25.86,0.24,2.9399999999999995
230,E07000237,Worcester,6,Not answered,1.63,17.37,0.47,9.22,0.68,13.429999999999998,0.32,5.319999999999999,1.01,18.340000000000003,1.5,33.730000000000004,0.23,2.57
231,E07000238,Wychavon,6,Not answered,1.41,17.640000000000004,0.48,10.22,0.57,13.83,0.32,5.83,0.6,16.620000000000005,1.28,33.06,0.19,2.8
232,E07000239,Wyre Forest,6,Not answered,1.93,21.790000000000003,0.55,10.700000000000001,0.73,15.0,0.38,6.62,0.75,17.03,1.08,26.090000000000003,0.2,2.77
233,E07000240,St Albans,6,Not answered,0.82,10.149999999999999,0.34,6.699999999999999,0.61,11.469999999999999,0.19,3.4499999999999997,0.6,13.11,2.18,53.010000000000005,0.15,2.1
234,E07000241,Welwyn Hatfield,6,Not answered,1.25,14.339999999999998,0.48,9.24,0.68,12.86,0.26,4.459999999999999,1.49,19.060000000000002,2.06,37.31,0.24,2.74
235,E07000242,East Hertfordshire,6,Not answered,1.07,13.83,0.38,9.41,0.66,14.36,0.24,4.69,0.64,16.830000000000005,1.51,38.580000000000005,0.15,2.29
236,E07000243,Stevenage,6,Not answered,1.31,17.009999999999998,0.63,12.93,0.65,15.299999999999999,0.28,5.3999999999999995,0.68,17.130000000000006,1.48,29.6,0.19,2.61
237,E07000244,East Suffolk,6,Not answered,1.69,19.410000000000007,0.53,11.28,0.73,15.02,0.45,6.89,0.71,16.92000000000001,1.24,27.559999999999995,0.21,2.92
238,E07000245,West Suffolk,6,Not answered,1.77,20.950000000000003,0.5,10.809999999999999,0.6,14.04,0.38,6.3,0.6,16.09,1.37,28.520000000000003,0.22,3.27
239,E07000246,Somerset West and Taunton,6,Not answered,1.54,16.389999999999997,0.51,9.639999999999999,0.84,15.36,0.38,6.0,0.84,17.240000000000006,1.52,32.470000000000006,0.22,2.91
240,E08000001,Bolton,6,Not answered,1.95,22.569999999999997,0.62,10.659999999999998,0.72,13.92,0.32,6.159999999999999,0.74,16.45,1.33,27.410000000000004,0.22,2.8
241,E08000002,Bury,6,Not answered,1.5,18.55,0.5,9.719999999999999,0.68,14.629999999999999,0.3,5.55,0.69,16.529999999999998,1.33,32.3,0.16,2.7099999999999995
242,E08000003,Manchester,6,Not answered,1.78,19.650000000000006,0.52,7.979999999999999,0.68,10.319999999999999,0.26,3.4899999999999993,1.46,18.19,2.34,37.629999999999995,0.28,2.7399999999999993
243,E08000004,Oldham,6,Not answered,2.14,24.720000000000002,0.68,11.05,0.76,13.919999999999998,0.36,6.39,0.72,16.47,1.26,24.6,0.24,2.8599999999999994
244,E08000005,Rochdale,6,Not answered,1.79,23.25,0.54,10.529999999999998,0.66,14.04,0.32,6.039999999999999,0.72,16.840000000000003,1.22,26.430000000000003,0.25,2.8899999999999997
245,E08000006,Salford,6,Not answered,1.83,19.740000000000002,0.54,9.23,0.79,12.549999999999997,0.3,5.369999999999999,1.07,17.009999999999998,1.7,33.51,0.23,2.5599999999999996
246,E08000007,Stockport,6,Not answered,1.09,15.51,0.38,9.14,0.56,13.54,0.29,5.829999999999999,0.63,16.14,1.49,37.55000000000001,0.15,2.27
247,E08000008,Tameside,6,Not answered,1.49,21.84,0.52,11.239999999999998,0.61,15.139999999999999,0.32,6.8999999999999995,0.68,17.75,0.95,24.42,0.18,2.6999999999999997
248,E08000009,Trafford,6,Not answered,1.06,13.97,0.39,8.219999999999999,0.53,12.679999999999998,0.24,4.8,0.62,15.119999999999997,1.73,42.949999999999996,0.15,2.25
249,E08000010,Wigan,6,Not answered,1.4,21.049999999999997,0.43,10.52,0.6,15.439999999999998,0.32,7.06,0.58,17.630000000000006,0.96,25.810000000000006,0.15,2.4799999999999995
250,E08000011,Knowsley,6,Not answered,1.6,26.220000000000006,0.43,10.62,0.6,14.389999999999999,0.26,5.489999999999999,0.64,17.220000000000002,0.92,23.790000000000003,0.12,2.2399999999999998
251,E08000012,Liverpool,6,Not answered,1.58,22.340000000000003,0.42,8.67,0.57,11.44,0.25,4.369999999999999,1.51,20.07,1.57,30.81,0.17,2.27
252,E08000013,St. Helens,6,Not answered,1.32,21.419999999999998,0.38,10.370000000000001,0.52,14.669999999999998,0.32,6.45,0.55,17.370000000000008,0.93,27.17,0.13,2.55
253,E08000014,Sefton,6,Not answered,1.24,19.749999999999996,0.45,10.29,0.56,14.08,0.3,5.9399999999999995,0.63,17.46,1.14,29.91,0.16,2.5700000000000003
254,E08000015,Wirral,6,Not answered,1.24,17.880000000000003,0.42,9.649999999999999,0.63,14.709999999999999,0.3,5.97,0.71,17.880000000000003,1.28,31.450000000000003,0.18,2.4200000000000004
255,E08000016,Barnsley,6,Not answered,1.78,25.19,0.44,10.809999999999999,0.54,14.5,0.3,6.59,0.57,16.850000000000005,0.9,23.420000000000005,0.18,2.63
256,E08000017,Doncaster,6,Not answered,2.01,24.630000000000003,0.57,11.44,0.68,15.109999999999998,0.37,6.6899999999999995,0.63,16.57,0.97,22.699999999999996,0.23,2.8699999999999997
257,E08000018,Rotherham,6,Not answered,1.79,23.44,0.5,11.379999999999999,0.62,15.599999999999998,0.32,6.68,0.63,17.110000000000007,0.91,23.119999999999997,0.18,2.69
258,E08000019,Sheffield,6,Not answered,1.76,19.380000000000006,0.51,9.079999999999998,0.63,11.739999999999998,0.32,5.46,1.25,18.580000000000002,1.66,33.35999999999999,0.19,2.4
259,E08000021,Newcastle upon Tyne,6,Not answered,1.47,18.62,0.44,7.94,0.5,10.429999999999998,0.28,4.8,1.64,21.240000000000002,1.79,34.63000000000001,0.19,2.34
260,E08000022,North Tyneside,6,Not answered,1.06,17.48,0.35,9.35,0.5,14.179999999999998,0.32,6.86,0.51,16.890000000000004,1.02,32.870000000000005,0.13,2.3899999999999997
261,E08000023,South Tyneside,6,Not answered,1.39,20.49,0.37,10.159999999999998,0.51,14.339999999999998,0.39,7.999999999999999,0.59,18.35,0.93,26.14,0.14,2.5100000000000002
262,E08000024,Sunderland,6,Not answered,1.45,22.84,0.39,10.85,0.51,14.839999999999998,0.31,7.209999999999999,0.57,17.1,0.9,24.569999999999997,0.14,2.5500000000000003
263,E08000025,Birmingham,6,Not answered,2.56,23.85,0.85,10.129999999999999,0.96,12.509999999999998,0.29,3.6499999999999995,1.37,17.08,2.04,29.879999999999995,0.29,2.9099999999999997
264,E08000026,Coventry,6,Not answered,1.93,19.39,0.66,9.94,0.83,12.609999999999998,0.36,5.16,1.54,18.97,1.98,30.6,0.34,3.3199999999999994
265,E08000027,Dudley,6,Not answered,2.05,23.08,0.62,10.849999999999998,0.73,15.03,0.38,5.97,0.73,17.160000000000004,1.16,24.98,0.21,2.9
266,E08000028,Sandwell,6,Not answered,2.83,28.89,0.78,11.499999999999998,0.8,13.6,0.34,4.799999999999999,0.86,14.829999999999998,1.39,22.69,0.38,3.7299999999999995
267,E08000029,Solihull,6,Not answered,1.34,17.570000000000004,0.43,9.52,0.59,14.149999999999999,0.22,4.619999999999999,0.61,16.2,1.46,35.45000000000001,0.17,2.4899999999999998
268,E08000030,Walsall,6,Not answered,2.41,26.35,0.7,11.489999999999998,0.79,14.219999999999999,0.34,5.289999999999999,0.8,15.7,1.31,23.72,0.27,3.2199999999999998
269,E08000031,Wolverhampton,6,Not answered,2.51,25.32,0.73,11.01,0.83,13.78,0.38,4.92,0.87,15.059999999999997,1.59,26.24,0.34,3.6499999999999995
270,E08000032,Bradford,6,Not answered,2.48,23.979999999999997,0.82,10.919999999999998,0.94,13.629999999999997,0.36,5.390000000000001,1.01,15.719999999999999,1.65,27.429999999999996,0.3,2.8999999999999995
271,E08000033,Calderdale,6,Not answered,1.56,19.19,0.51,9.79,0.66,14.019999999999998,0.35,6.3,0.73,17.450000000000006,1.41,30.86,0.16,2.37
272,E08000034,Kirklees,6,Not answered,1.83,20.740000000000002,0.57,9.74,0.76,13.309999999999999,0.36,6.26,0.92,17.380000000000003,1.46,29.89,0.22,2.65
273,E08000035,Leeds,6,Not answered,1.56,18.17,0.49,9.129999999999999,0.63,12.03,0.32,5.21,1.2,18.34,1.65,34.68,0.2,2.41
274,E08000036,Wakefield,6,Not answered,1.83,24.43,0.46,10.81,0.62,14.929999999999998,0.36,6.49,0.59,16.27,1.0,24.270000000000003,0.19,2.7699999999999996
275,E08000037,Gateshead,6,Not answered,1.36,21.62,0.39,9.91,0.53,13.769999999999998,0.3,7.18,0.67,16.96,0.98,27.97,0.14,2.56
276,E09000001,City of London,6,Not answered,0.55,6.6,0.32,2.7899999999999996,0.45,4.91,0.07,1.0,0.62,8.839999999999998,5.3,74.15,0.16,1.68
277,E09000002,Barking and Dagenham,6,Not answered,2.27,22.759999999999998,0.83,10.36,0.91,12.59,0.36,3.869999999999999,0.95,13.489999999999997,2.72,33.260000000000005,0.4,3.6799999999999997
278,E09000003,Barnet,6,Not answered,1.79,15.439999999999998,0.58,6.89,0.82,9.919999999999998,0.29,3.1199999999999997,0.93,12.459999999999999,3.51,49.019999999999996,0.33,3.1599999999999997
279,E09000004,Bexley,6,Not answered,1.36,18.169999999999998,0.55,10.93,0.71,14.57,0.31,5.229999999999999,0.81,16.599999999999998,1.75,31.569999999999997,0.2,2.92
280,E09000005,Brent,6,Not answered,2.84,21.740000000000002,0.86,8.819999999999999,0.91,9.51,0.35,3.4599999999999995,1.16,12.479999999999999,3.49,39.97,0.45,4.009999999999999
281,E09000006,Bromley,6,Not answered,1.08,13.8,0.44,8.68,0.71,13.309999999999999,0.23,3.98,0.74,14.87,2.18,42.81,0.19,2.53
282,E09000007,Camden,6,Not answered,1.3,11.77,0.43,5.049999999999999,0.6,7.189999999999999,0.18,1.9,1.29,14.139999999999997,4.12,57.3,0.29,2.6499999999999995
283,E09000008,Croydon,6,Not answered,1.6,16.07,0.68,9.129999999999997,0.89,12.319999999999999,0.29,3.8099999999999996,0.94,14.659999999999997,2.79,41.04,0.31,2.9799999999999995
284,E09000009,Ealing,6,Not answered,2.08,17.92,0.73,8.069999999999999,0.78,9.289999999999997,0.32,3.3899999999999992,1.04,12.849999999999998,3.36,44.339999999999996,0.5,4.1499999999999995
285,E09000010,Enfield,6,Not answered,2.51,22.47,0.78,9.399999999999999,0.89,11.28,0.34,3.9099999999999993,1.05,13.4,2.67,36.31000000000001,0.33,3.2399999999999993
286,E09000011,Greenwich,6,Not answered,1.63,16.669999999999998,0.59,7.989999999999999,0.68,10.329999999999998,0.26,3.4499999999999993,0.86,13.119999999999997,2.87,45.67,0.26,2.7300000000000004
287,E09000012,Hackney,6,Not answered,2.53,16.74,0.66,6.109999999999999,1.02,8.34,0.24,2.3499999999999996,1.06,11.549999999999999,3.76,52.379999999999995,0.38,2.559999999999999
288,E09000013,Hammersmith and Fulham,6,Not answered,1.3,11.85,0.43,5.09,0.62,7.359999999999999,0.21,2.2899999999999996,1.01,13.049999999999997,3.88,57.59,0.32,2.7599999999999993
289,E09000014,Haringey,6,Not answered,2.36,18.49,0.71,6.8199999999999985,0.86,8.52,0.32,3.1299999999999994,1.1,11.71,3.61,48.269999999999996,0.37,3.0799999999999996
290,E09000015,Harrow,6,Not answered,2.09,17.39,0.75,8.169999999999998,0.94,10.419999999999998,0.35,3.1899999999999995,1.05,12.61,3.41,45.0,0.39,3.2399999999999993
291,E09000016,Havering,6,Not answered,1.56,20.0,0.57,11.17,0.74,14.889999999999999,0.28,5.1499999999999995,0.74,16.27,1.7,29.52,0.23,2.9999999999999996
292,E09000017,Hillingdon,6,Not answered,1.76,18.160000000000004,0.71,9.870000000000001,0.75,11.79,0.32,4.26,1.06,14.819999999999999,2.49,37.480000000000004,0.34,3.6299999999999994
293,E09000018,Hounslow,6,Not answered,2.08,18.65,0.75,9.49,0.77,10.229999999999999,0.33,3.5299999999999994,0.89,12.249999999999998,3.13,41.57000000000001,0.46,4.26
294,E09000019,Islington,6,Not answered,1.39,13.75,0.45,5.579999999999999,0.55,7.149999999999999,0.19,2.2999999999999994,0.96,12.169999999999998,3.68,56.620000000000005,0.23,2.4099999999999993
295,E09000020,Kensington and Chelsea,6,Not answered,1.17,11.36,0.39,4.439999999999999,0.61,7.1499999999999995,0.17,1.93,1.15,12.54,4.74,59.49,0.35,3.1
296,E09000021,Kingston upon Thames,6,Not answered,1.13,11.91,0.4,6.449999999999999,0.63,9.829999999999998,0.24,3.1899999999999995,1.01,14.599999999999998,3.03,51.38,0.26,2.6499999999999995
297,E09000022,Lambeth,6,Not answered,1.36,13.08,0.54,6.039999999999999,0.67,7.81,0.26,2.59,0.92,11.879999999999997,3.29,56.26,0.25,2.329999999999999
298,E09000023,Lewisham,6,Not answered,1.47,14.629999999999999,0.61,7.319999999999999,0.77,9.669999999999998,0.25,2.9999999999999996,1.0,13.02,3.26,49.849999999999994,0.28,2.5599999999999996
299,E09000024,Merton,6,Not answered,1.54,14.249999999999996,0.59,7.159999999999999,0.7,9.549999999999997,0.29,3.3299999999999996,0.83,12.6,3.35,50.0,0.33,3.07
300,E09000025,Newham,6,Not answered,2.44,20.69,0.98,9.04,1.04,10.169999999999998,0.36,3.119999999999999,1.19,12.95,3.51,40.24,0.45,3.7899999999999996
301,E09000026,Redbridge,6,Not answered,1.96,17.33,0.74,8.629999999999999,0.9,11.24,0.29,3.1299999999999994,0.98,13.669999999999998,3.15,42.449999999999996,0.38,3.5899999999999994
302,E09000027,Richmond upon Thames,6,Not answered,0.83,9.08,0.27,4.99,0.52,9.009999999999998,0.17,2.3899999999999997,0.66,12.069999999999999,2.98,60.37,0.19,2.0500000000000003
303,E09000028,Southwark,6,Not answered,1.33,13.859999999999998,0.48,6.18,0.63,7.8599999999999985,0.2,2.5499999999999994,0.96,12.319999999999997,3.53,54.85999999999999,0.21,2.3499999999999996
304,E09000029,Sutton,6,Not answered,1.26,15.169999999999998,0.51,9.249999999999998,0.7,12.929999999999998,0.25,4.38,0.83,15.61,2.18,39.79,0.27,2.8499999999999996
305,E09000030,Tower Hamlets,6,Not answered,1.57,16.209999999999997,0.61,6.779999999999999,0.75,8.469999999999999,0.18,2.15,1.1,13.18,3.8,50.33999999999999,0.28,2.8499999999999996
306,E09000031,Waltham Forest,6,Not answered,2.03,18.240000000000002,0.75,8.499999999999998,0.84,10.41,0.32,3.4599999999999995,0.98,12.939999999999998,3.04,43.16,0.35,3.2600000000000002
307,E09000032,Wandsworth,6,Not answered,1.08,9.94,0.4,4.659999999999999,0.54,6.899999999999999,0.17,2.0300000000000002,0.79,11.409999999999997,3.29,62.63,0.24,2.3899999999999997
308,E09000033,Westminster,6,Not answered,1.47,12.89,0.47,4.849999999999999,0.61,6.86,0.21,2.1100000000000003,1.13,12.409999999999997,4.96,57.67,0.37,3.1899999999999995
309,W06000001,Isle of Anglesey,6,Not answered,1.83,17.980000000000004,0.54,8.44,0.92,14.809999999999999,0.52,6.5600000000000005,0.78,17.380000000000006,1.76,32.27,0.25,2.56
310,W06000002,Gwynedd,6,Not answered,2.01,16.269999999999996,0.54,7.569999999999999,1.06,14.6,0.53,5.84,1.25,18.75,2.32,34.5,0.25,2.4699999999999998
311,W06000003,Conwy,6,Not answered,1.97,18.690000000000005,0.56,8.64,0.88,14.41,0.5,6.34,0.85,16.53,1.77,32.410000000000004,0.29,2.97
312,W06000004,Denbighshire,6,Not answered,2.23,19.870000000000005,0.58,9.1,0.96,15.2,0.54,6.29,0.78,16.36,1.65,30.439999999999998,0.25,2.78
313,W06000005,Flintshire,6,Not answered,1.89,18.310000000000002,0.56,9.91,0.82,15.27,0.47,6.609999999999999,0.82,17.830000000000005,1.37,29.170000000000005,0.27,2.88
314,W06000006,Wrexham,6,Not answered,2.38,20.939999999999998,0.6,9.489999999999998,0.92,15.409999999999998,0.5,6.16,0.8,16.049999999999997,1.54,29.05,0.25,2.8799999999999994
315,W06000008,Ceredigion,6,Not answered,1.65,14.709999999999999,0.52,7.34,0.99,13.7,0.44,5.38,1.94,21.23,2.5,35.260000000000005,0.24,2.3499999999999996
316,W06000009,Pembrokeshire,6,Not answered,1.78,18.790000000000003,0.52,9.11,0.87,15.159999999999998,0.42,6.21,0.84,17.040000000000003,1.66,31.190000000000005,0.19,2.5
317,W06000010,Carmarthenshire,6,Not answered,2.1,20.050000000000008,0.53,8.54,0.87,15.239999999999998,0.46,6.2,0.77,16.09,1.53,31.290000000000003,0.22,2.6
318,W06000011,Swansea,6,Not answered,1.78,18.86,0.4,7.85,0.73,13.829999999999998,0.43,5.819999999999999,1.29,18.22,1.63,32.78,0.21,2.63
319,W06000012,Neath Port Talbot,6,Not answered,2.12,23.66,0.42,9.09,0.71,14.809999999999999,0.39,6.4399999999999995,1.35,17.440000000000005,1.09,25.840000000000003,0.19,2.69
320,W06000013,Bridgend,6,Not answered,1.84,21.76,0.41,8.879999999999999,0.66,14.819999999999999,0.34,5.5,0.67,16.31,1.19,30.0,0.21,2.7199999999999998
321,W06000014,Vale of Glamorgan,6,Not answered,1.36,15.579999999999998,0.44,8.27,0.65,14.389999999999999,0.31,5.27,0.66,16.58,1.51,37.28,0.23,2.59
322,W06000015,Cardiff,6,Not answered,1.63,16.33,0.43,6.909999999999999,0.65,11.11,0.26,3.88,1.25,19.200000000000003,1.93,40.010000000000005,0.26,2.579999999999999
323,W06000016,Rhondda Cynon Taf,6,Not answered,2.22,24.2,0.5,9.43,0.76,15.009999999999998,0.34,5.13,0.75,16.830000000000005,1.17,26.71,0.21,2.67
324,W06000018,Caerphilly,6,Not answered,2.18,24.130000000000003,0.48,10.06,0.72,15.51,0.34,5.4799999999999995,0.64,16.820000000000004,1.01,25.300000000000004,0.19,2.6799999999999997
325,W06000019,Blaenau Gwent,6,Not answered,2.56,27.88,0.59,10.85,0.85,15.509999999999998,0.48,5.73,0.66,15.69,1.02,21.550000000000004,0.23,2.8
326,W06000020,Torfaen,6,Not answered,2.19,22.140000000000004,0.57,10.25,0.73,15.24,0.41,5.74,0.72,16.96,1.15,26.790000000000006,0.19,2.86
327,W06000021,Monmouthshire,6,Not answered,1.59,15.739999999999998,0.39,8.25,0.75,13.549999999999999,0.31,5.05,0.65,15.559999999999999,1.72,39.370000000000005,0.21,2.46
328,W06000022,Newport,6,Not answered,1.94,21.740000000000002,0.55,9.209999999999999,0.67,14.269999999999998,0.35,5.109999999999999,0.76,15.679999999999998,1.46,31.040000000000003,0.23,2.9699999999999998
329,W06000023,Powys,6,Not answered,2.17,18.930000000000007,0.53,8.61,0.94,14.879999999999999,0.46,6.1,0.92,16.990000000000006,1.73,31.860000000000003,0.23,2.6
330,W06000024,Merthyr Tydfil,6,Not answered,2.05,26.91,0.46,9.549999999999999,0.69,14.499999999999998,0.36,5.69,0.53,15.629999999999999,1.11,24.98,0.16,2.7199999999999998
