,LA_code,LA_name,SO_code,SO_categories,Observation_x,Percentages,Non-response_rate,region_x,Observation_y,Observation_total,Percentage,region_y,Shannon_idx
0,E06000001,Hartlepool,5,Not answered,4554,6.097528318560372,6.097528318560372,North East,1875,92337,2.030605282822704,North East,0.9318764313074194
1,E06000002,Middlesbrough,5,Not answered,8298,7.282908248345592,7.282908248345592,North East,10510,143923,7.302515928656296,North East,1.181237207116602
2,E06000003,Redcar and Cleveland,5,Not answered,7046,6.2719196738530565,6.2719196738530565,North East,1460,136533,1.069338548189815,North East,0.8315886599331691
3,E06000004,Stockton-on-Tees,5,Not answered,9268,5.865451553699133,5.865451553699133,North East,5674,196603,2.8860190332802653,North East,1.0016496630902827
4,E06000005,Darlington,5,Not answered,5010,5.6863323723696455,5.6863323723696455,North East,4403,107800,4.084415584415584,North East,0.9668642245293866
5,E06000006,Halton,5,Not answered,5676,5.460527581628923,5.460527581628923,North West,3315,128473,2.58030870299596,North West,0.8816132080187717
6,E06000007,Warrington,5,Not answered,9832,5.692483166299017,5.692483166299017,North West,11129,210973,5.275082593507227,North West,0.9805206956719491
7,E06000008,Blackburn with Darwen,5,Not answered,9892,8.27727014091107,8.27727014091107,North West,18550,154733,11.988392909075634,North West,1.1038412797184933
8,E06000009,Blackpool,5,Not answered,7749,6.66070707157531,6.66070707157531,North West,6036,141034,4.279819050725357,North West,0.9088318984461958
9,E06000010,Kingston upon Hull,5,Not answered,17539,8.200507768483755,8.200507768483755,Yorkshire and The Humber,25805,267004,9.664649218738296,Yorkshire and The Humber,0.9484147758033037
10,E06000011,East Riding of Yorkshire,5,Not answered,19514,6.772402304435345,6.772402304435345,Yorkshire and The Humber,7325,342208,2.140511034224799,Yorkshire and The Humber,0.8194048926916596
11,E06000012,North East Lincolnshire,5,Not answered,8480,6.6497286785232586,6.6497286785232586,Yorkshire and The Humber,5882,156967,3.747284461065065,Yorkshire and The Humber,0.9028893612599441
12,E06000013,North Lincolnshire,5,Not answered,9670,6.933539833795808,6.933539833795808,Yorkshire and The Humber,10526,169682,6.20336865430629,Yorkshire and The Humber,0.9376481690509161
13,E06000014,York,5,Not answered,13610,7.908974157819191,7.908974157819191,Yorkshire and The Humber,10061,202829,4.960336046620553,Yorkshire and The Humber,0.9337914899277419
14,E06000015,Derby,5,Not answered,18235,8.716872538146776,8.716872538146776,East Midlands,32670,261362,12.499904347227217,East Midlands,1.307019817445213
15,E06000016,Leicester,5,Not answered,30847,10.599833684977355,10.599833684977355,East Midlands,106800,368570,28.976856499443798,East Midlands,1.5862745674429959
16,E06000017,Rutland,5,Not answered,2083,6.073240422182051,6.073240422182051,East Midlands,772,41050,1.8806333739342267,East Midlands,0.8712444656586127
17,E06000018,Nottingham,5,Not answered,25917,9.805049125501753,9.805049125501753,East Midlands,44849,323631,13.858066748859041,East Midlands,1.2949691923084523
18,E06000019,Herefordshire,5,Not answered,12757,8.118600166737732,8.118600166737732,West Midlands,8691,187037,4.646674187460236,West Midlands,0.8289935915650453
19,E06000020,Telford and Wrekin,5,Not answered,10497,7.06041406029299,7.06041406029299,West Midlands,11898,185538,6.412702519160495,West Midlands,1.1078129696671033
20,E06000021,Stoke-on-Trent,5,Not answered,16377,7.953783838913658,7.953783838913658,West Midlands,21978,258376,8.506208006935628,West Midlands,1.1203087329865113
21,E06000022,Bath and North East Somerset,5,Not answered,12475,7.718818448440149,7.718818448440149,South West,9222,193406,4.768207811546694,South West,0.9064137656282728
22,E06000023,Bristol,5,Not answered,33051,8.480965235509663,8.480965235509663,South West,46235,472463,9.785951492497826,South West,1.12891995449028
23,E06000024,North Somerset,5,Not answered,12080,6.764929886653824,6.764929886653824,South West,8268,216733,3.8148320744879642,South West,0.8838984603038879
24,E06000025,South Gloucestershire,5,Not answered,15510,6.534212987538232,6.534212987538232,South West,15112,290432,5.203283384750992,South West,0.9752471796438565
25,E06000026,Plymouth,5,Not answered,14429,6.599915837236534,6.599915837236534,South West,11555,264690,4.365484151271298,South West,0.9558474177789761
26,E06000027,Torbay,5,Not answered,8626,7.370633672841616,7.370633672841616,South West,3986,139327,2.860895590947914,South West,0.8539023639070817
27,E06000030,Swindon,5,Not answered,13173,7.038588542056274,7.038588542056274,South West,22540,233406,9.656992536610028,South West,1.1348127208026841
28,E06000031,Peterborough,5,Not answered,13565,8.094979501471,8.094979501471,East of England,41385,215673,19.188771890779098,East of England,1.2498496043580536
29,E06000032,Luton,5,Not answered,17032,9.86230297976815,9.86230297976815,East of England,49752,225259,22.086575897078475,East of England,1.3244978580551692
30,E06000033,Southend-on-Sea,5,Not answered,10223,6.982541937599038,6.982541937599038,East of England,10315,180683,5.7088934764200285,East of England,1.1087496986691574
31,E06000034,Thurrock,5,Not answered,8954,6.566297309387443,6.566297309387443,East of England,19094,176000,10.848863636363637,East of England,1.1182634659120807
32,E06000035,Medway,5,Not answered,14881,6.680403670383739,6.680403670383739,South East,17555,279775,6.27468501474399,South East,1.1246428752118014
33,E06000036,Bracknell Forest,5,Not answered,6014,6.018032081494602,6.018032081494602,South East,9271,124607,7.4401919635333496,South East,1.1750994080037702
34,E06000037,West Berkshire,5,Not answered,8459,6.470291274017868,6.470291274017868,South East,7505,161448,4.648555572072742,South East,1.015885860950693
35,E06000038,Reading,5,Not answered,12738,9.011035653650255,9.011035653650255,South East,31735,174226,18.214847382135847,South East,1.4126830369868713
36,E06000039,Slough,5,Not answered,11677,9.818050347251416,9.818050347251416,South East,41438,158492,26.145168210382856,South East,1.5313271123439032
37,E06000040,Windsor and Maidenhead,5,Not answered,8613,6.96410812034574,6.96410812034574,South East,12892,153499,8.39875178339924,South East,1.2713966747581107
38,E06000041,Wokingham,5,Not answered,9253,6.570752941677732,6.570752941677732,South East,13737,177512,7.738631754472937,South East,1.3192166161662713
39,E06000042,Milton Keynes,5,Not answered,16408,7.29792599774942,7.29792599774942,South East,34868,287057,12.14671650578108,South East,1.3061454669871093
40,E06000043,Brighton and Hove,5,Not answered,20375,8.656693589160758,8.656693589160758,South East,24579,277105,8.869922953393118,South East,1.0339462826558252
41,E06000044,Portsmouth,5,Not answered,13114,7.677176878314931,7.677176878314931,South East,18546,208004,8.916174688948288,South East,1.1048250179690264
42,E06000045,Southampton,5,Not answered,16969,8.303159007280984,8.303159007280984,South East,37042,248921,14.881026510418968,South East,1.1994163885415867
43,E06000046,Isle of Wight,5,Not answered,9306,7.781847373438362,7.781847373438362,South East,2556,140465,1.8196703805218384,South East,0.8644840201772527
44,E06000047,County Durham,5,Not answered,25035,5.7689914692205235,5.7689914692205235,North East,9565,522070,1.832129791024192,North East,0.8384112275407507
45,E06000049,Cheshire East,5,Not answered,19981,6.064514954139021,6.064514954139021,North West,16413,398770,4.115906412217569,North West,0.8824655133772077
46,E06000050,Cheshire West and Chester,5,Not answered,17726,6.0015303462239045,6.0015303462239045,North West,11598,357148,3.2473932375373793,North West,0.878855315118876
47,E06000051,Shropshire,5,Not answered,19378,7.1178272591700145,7.1178272591700145,West Midlands,8254,323603,2.550656205288579,West Midlands,0.8310036859578798
48,E06000052,Cornwall,5,Not answered,36528,7.6510446667015755,7.6510446667015755,South West,10226,570304,1.7930787790371452,South West,0.8601654928329192
49,E06000053,Isles of Scilly,5,Not answered,118,6.820809248554912,6.820809248554912,South West,46,2054,2.239532619279455,South West,0.8140061856395782
50,E06000054,Wiltshire,5,Not answered,27520,6.566232576339612,6.566232576339612,South West,17204,510338,3.371099153894086,South West,0.9250238617220555
51,E06000055,Bedford,5,Not answered,10745,7.254351260481508,7.254351260481508,East of England,21719,185223,11.725865578248921,East of England,1.2471375187606124
52,E06000056,Central Bedfordshire,5,Not answered,14555,6.14757560398716,6.14757560398716,East of England,13773,294250,4.68071367884452,East of England,0.9645784722919833
53,E06000057,Northumberland,5,Not answered,15171,5.6429655418675235,5.6429655418675235,North East,3506,320560,1.093711005739955,North East,0.8467586359720901
54,E06000058,"Bournemouth, Christchurch and Poole",5,Not answered,25580,7.637895667181234,7.637895667181234,South West,32213,400195,8.04932595359762,South West,1.0086659253333639
55,E06000059,Dorset,5,Not answered,23103,7.177029033681058,7.177029033681058,South West,6790,379574,1.788847497457676,South West,0.847149872827312
56,E06000060,Buckinghamshire,5,Not answered,31429,7.088262159022992,7.088262159022992,South East,38876,553074,7.029077483302415,South East,1.2706492208276385
57,E06000061,North Northamptonshire,5,Not answered,20283,7.013752251987454,7.013752251987454,East Midlands,32849,359519,9.136930176152024,East Midlands,0.9962793397789489
58,E06000062,West Northamptonshire,5,Not answered,25499,7.423246443979947,7.423246443979947,East Midlands,44949,425724,10.558249006398512,East Midlands,1.051665232629189
59,E07000008,Cambridge,5,Not answered,14860,11.910105155167992,11.910105155167992,East of England,28407,145673,19.500525148792157,East of England,1.1411248920851953
60,E07000009,East Cambridgeshire,5,Not answered,4943,6.9201584790491255,6.9201584790491255,East of England,4197,87757,4.782524470982372,East of England,0.9152498660188371
61,E07000010,Fenland,5,Not answered,6394,7.537250094304036,7.537250094304036,East of England,8801,102469,8.588939093774703,East of England,0.8510516492762514
62,E07000011,Huntingdonshire,5,Not answered,9198,6.2039241607705335,6.2039241607705335,East of England,9323,180837,5.15547150196033,East of England,0.9351345990656225
63,E07000012,South Cambridgeshire,5,Not answered,9436,7.238361166299737,7.238361166299737,East of England,10679,162121,6.587055347549054,East of England,0.976185283873286
64,E07000026,Allerdale,5,Not answered,4972,6.175400245923019,6.175400245923019,North West,1073,96154,1.1159182145308568,North West,0.778938573567176
65,E07000027,Barrow-in-Furness,5,Not answered,3570,6.393953505032776,6.393953505032776,North West,1043,67408,1.5472940897222882,North West,0.8365311433742897
66,E07000028,Carlisle,5,Not answered,5914,6.474497224746285,6.474497224746285,North West,3807,110020,3.4602799491001637,North West,0.8686886932069546
67,E07000029,Copeland,5,Not answered,3484,6.2207620612077275,6.2207620612077275,North West,656,67073,0.978038853189808,North West,0.7585027960861637
68,E07000030,Eden,5,Not answered,3277,7.027212489009929,7.027212489009929,North West,1245,54728,2.274886712468937,North West,0.7799496468873868
69,E07000031,South Lakeland,5,Not answered,6248,6.965207406664215,6.965207406664215,North West,2592,104446,2.4816651666890066,North West,0.8393091367127712
70,E07000032,Amber Valley,5,Not answered,7116,6.773079009737016,6.773079009737016,East Midlands,1850,126207,1.465845793022574,East Midlands,0.8270710686330793
71,E07000033,Bolsover,5,Not answered,4255,6.419928181296962,6.419928181296962,East Midlands,2903,80271,3.616499109267357,East Midlands,0.8221831565412816
72,E07000034,Chesterfield,5,Not answered,5606,6.518377265909328,6.518377265909328,East Midlands,2252,103571,2.1743538249123793,East Midlands,0.89394556544014
73,E07000035,Derbyshire Dales,5,Not answered,4167,6.824434981984933,6.824434981984933,East Midlands,658,71542,0.9197394537474491,East Midlands,0.849434943244099
74,E07000036,Erewash,5,Not answered,5942,6.353245586835888,6.353245586835888,East Midlands,2599,112907,2.3018944795273986,East Midlands,0.8736908599506972
75,E07000037,High Peak,5,Not answered,4701,6.213322759714512,6.213322759714512,East Midlands,1146,90932,1.260282408832974,East Midlands,0.82853218905683
76,E07000038,North East Derbyshire,5,Not answered,5056,5.929261656815837,5.929261656815837,East Midlands,1106,101998,1.0843349869605285,East Midlands,0.7845636488624679
77,E07000039,South Derbyshire,5,Not answered,5088,5.851369689721002,5.851369689721002,East Midlands,3202,107219,2.9864109905893543,East Midlands,0.9207189115005113
78,E07000040,East Devon,5,Not answered,9152,7.184350174270731,7.184350174270731,South West,2776,150829,1.8404948650458466,South West,0.8325878414373544
79,E07000041,Exeter,5,Not answered,9486,8.5205378555838,8.5205378555838,South West,9904,130704,7.5774268576325134,South West,1.00629598811853
80,E07000042,Mid Devon,5,Not answered,5025,7.367495051682428,7.367495051682428,South West,2138,82856,2.580380419040263,South West,0.8622678346211977
81,E07000043,North Devon,5,Not answered,6079,7.396006959230104,7.396006959230104,South West,1826,98611,1.8517203963046718,South West,0.8314049858807974
82,E07000044,South Hams,5,Not answered,5397,7.199071603884325,7.199071603884325,South West,1220,88624,1.376602274778841,South West,0.8949066815782777
83,E07000045,Teignbridge,5,Not answered,8167,7.198068058628075,7.198068058628075,South West,1802,134802,1.3367754187623329,South West,0.8588492050022454
84,E07000046,Torridge,5,Not answered,4466,7.759129921123041,7.759129921123041,South West,681,68118,0.999735752664494,South West,0.8219983009842877
85,E07000047,West Devon,5,Not answered,3675,7.598784194528875,7.598784194528875,South West,761,57096,1.3328429312035868,South West,0.845064950614073
86,E07000061,Eastbourne,5,Not answered,6805,8.046017782822549,8.046017782822549,South East,7263,101683,7.142786896531376,South East,1.0073652599312657
87,E07000062,Hastings,5,Not answered,6234,8.344934675519383,8.344934675519383,South East,4613,90990,5.069787888778986,South East,0.9862885935659162
88,E07000063,Lewes,5,Not answered,5861,7.0426089255245,7.0426089255245,South East,2806,99909,2.808555785765046,South East,0.9559457031366508
89,E07000064,Rother,5,Not answered,6093,7.665018681360154,7.665018681360154,South East,1770,93108,1.9010181724449027,South East,0.8452695680736747
90,E07000065,Wealden,5,Not answered,9124,6.82688854303843,6.82688854303843,South East,3148,160152,1.9656326489834657,South East,0.8774841051891861
91,E07000066,Basildon,5,Not answered,9275,6.238943112946732,6.238943112946732,East of England,9273,187575,4.943622550979608,East of England,0.9903727069746276
92,E07000067,Braintree,5,Not answered,8266,6.530825083551265,6.530825083551265,East of England,4439,155268,2.8589277893706364,East of England,0.8773167459188869
93,E07000068,Brentwood,5,Not answered,3949,6.281714785651793,6.281714785651793,East of England,3015,77048,3.913145052434846,East of England,1.0001086552205793
94,E07000069,Castle Point,5,Not answered,4563,6.132075471698113,6.132075471698113,East of England,1477,89592,1.648584695062059,East of England,0.9826939138013413
95,E07000070,Chelmsford,5,Not answered,9587,6.489190323410361,6.489190323410361,East of England,9002,181522,4.959178501779399,East of England,1.0082609930603936
96,E07000071,Colchester,5,Not answered,11159,7.137511753004612,7.137511753004612,East of England,12348,192707,6.407655144857219,East of England,1.048713565741884
97,E07000072,Epping Forest,5,Not answered,7382,6.715060219044499,6.715060219044499,East of England,7880,134983,5.837772163902121,East of England,1.1857163932759742
98,E07000073,Harlow,5,Not answered,4896,6.697399559525601,6.697399559525601,East of England,9350,93327,10.018536972151681,East of England,1.0472150454282718
99,E07000074,Maldon,5,Not answered,3232,5.830882750906565,5.830882750906565,East of England,782,66209,1.1811083085381142,East of England,0.8342362809047273
100,E07000075,Rochford,5,Not answered,3880,5.487123644128919,5.487123644128919,East of England,922,85663,1.0763106592110947,East of England,0.8862485946609534
101,E07000076,Tendring,5,Not answered,9355,7.4905317436804895,7.4905317436804895,East of England,2350,148294,1.5846898728202083,East of England,0.8465057916107291
102,E07000077,Uttlesford,5,Not answered,4379,5.9561213802859045,5.9561213802859045,East of England,2684,91335,2.938632506706082,East of England,0.9286806560356303
103,E07000078,Cheltenham,5,Not answered,6810,6.918200658295745,6.918200658295745,South West,7964,118834,6.701785684231785,South West,1.0070325248266216
104,E07000079,Cotswold,5,Not answered,4826,6.323789556443687,6.323789556443687,South West,1963,90823,2.1613467954152585,South West,0.8297459918629955
105,E07000080,Forest of Dean,5,Not answered,5197,7.114597450956234,7.114597450956234,South West,1571,87009,1.8055603443321955,South West,0.8444631993895575
106,E07000081,Gloucester,5,Not answered,7564,7.07332354563902,7.07332354563902,South West,10258,132415,7.74685647396443,South West,1.088471246024732
107,E07000082,Stroud,5,Not answered,6989,6.9753979739507965,6.9753979739507965,South West,2167,121109,1.78929724463087,South West,0.8764587097877227
108,E07000083,Tewkesbury,5,Not answered,4802,6.207904024407586,6.207904024407586,South West,3077,94886,3.2428387749509935,South West,0.860090716621917
109,E07000084,Basingstoke and Deane,5,Not answered,9082,6.062467040925991,6.062467040925991,South East,12631,185151,6.821999341078364,South East,1.1140222967702318
110,E07000085,East Hampshire,5,Not answered,6552,6.310314937879226,6.310314937879226,South East,3502,125746,2.7849792438725687,South East,0.9005192653882536
111,E07000086,Eastleigh,5,Not answered,6296,5.706413370554327,5.706413370554327,South East,4858,136437,3.560617720999436,South East,0.993243481917687
112,E07000087,Fareham,5,Not answered,5507,5.758171438131287,5.758171438131287,South East,2161,114513,1.8871219861500441,South East,0.8611043992788925
113,E07000088,Gosport,5,Not answered,3947,5.872550624153784,5.872550624153784,South East,1792,81951,2.1866725238252127,South East,0.9091880709848758
114,E07000089,Hart,5,Not answered,4405,5.483766557115826,5.483766557115826,South East,3573,99409,3.5942419700429538,South East,1.0003057224406997
115,E07000090,Havant,5,Not answered,6339,6.162445924269674,6.162445924269674,South East,2587,124211,2.0827462946115887,South East,0.8590830457316776
116,E07000091,New Forest,5,Not answered,9984,6.71224864363365,6.71224864363365,South East,3378,175788,1.9216328759642294,South East,0.8344808594776274
117,E07000092,Rushmoor,5,Not answered,5391,6.6661720517861776,6.6661720517861776,South East,14422,99752,14.457855481594354,South East,1.4502670421582504
118,E07000093,Test Valley,5,Not answered,6548,6.133900385008103,6.133900385008103,South East,5337,130500,4.089655172413793,South East,0.9505281405407473
119,E07000094,Winchester,5,Not answered,6880,6.5680190930787585,6.5680190930787585,South East,4268,127445,3.348895602024403,South East,0.9297629841188751
120,E07000095,Broxbourne,5,Not answered,5470,6.8859599430995635,6.8859599430995635,East of England,8649,99013,8.735216587720803,East of England,1.1119061208352297
121,E07000096,Dacorum,5,Not answered,8230,6.64889319760866,6.64889319760866,East of England,9320,155092,6.00933639388234,East of England,1.112998591861913
122,E07000098,Hertsmere,5,Not answered,6445,7.4774053577436685,7.4774053577436685,East of England,10714,107839,9.935181149676833,East of England,1.4184399940832637
123,E07000099,North Hertfordshire,5,Not answered,6990,6.487720666035529,6.487720666035529,East of England,5595,133214,4.200009008062215,East of England,1.0795309996198712
124,E07000102,Three Rivers,5,Not answered,4930,6.573070410516912,6.573070410516912,East of England,7013,93759,7.479815271067311,East of England,1.3104183474525055
125,E07000103,Watford,5,Not answered,6759,8.348257846176649,8.348257846176649,East of England,18717,102249,18.305313499398526,East of England,1.43094604874503
126,E07000105,Ashford,5,Not answered,6964,6.52249248377338,6.52249248377338,South East,8710,132752,6.561106424008678,South East,1.1374664864006965
127,E07000106,Canterbury,5,Not answered,10620,7.9986141760749545,7.9986141760749545,South East,8354,157434,5.306350597710787,South East,1.0091594832317536
128,E07000107,Dartford,5,Not answered,5934,6.542591898388057,6.542591898388057,South East,10461,116757,8.959634111873378,South East,1.2076093761266162
129,E07000108,Dover,5,Not answered,6524,6.786643087485697,6.786643087485697,South East,4034,116406,3.465457107021975,South East,0.9418638361644661
130,E07000109,Gravesham,5,Not answered,5621,6.64774407190586,6.64774407190586,South East,12284,106901,11.49100569685971,South East,1.2539354598724877
131,E07000110,Maidstone,5,Not answered,9153,6.439607136826702,6.439607136826702,South East,13281,175784,7.5552951349383335,South East,1.0559241879457821
132,E07000111,Sevenoaks,5,Not answered,6133,6.348664120161899,6.348664120161899,South East,3942,120507,3.271179267594414,South East,0.8987198068798135
133,E07000112,Folkestone and Hythe,5,Not answered,6098,6.660477308721534,6.660477308721534,South East,5149,109755,4.691358024691358,South East,1.0656692465485882
134,E07000113,Swale,5,Not answered,7279,5.966393442622951,5.966393442622951,South East,5560,151680,3.6656118143459917,South East,0.9400981733379393
135,E07000114,Thanet,5,Not answered,8133,7.046622248022389,7.046622248022389,South East,6396,140581,4.549690214182571,South East,0.9937624750358476
136,E07000115,Tonbridge and Malling,5,Not answered,6298,5.968197411064572,5.968197411064572,South East,3966,132209,2.9997957778971176,South East,0.9713367255031659
137,E07000116,Tunbridge Wells,5,Not answered,6389,6.914352503192571,6.914352503192571,South East,5923,115305,5.136811066302415,South East,0.9750956946831106
138,E07000117,Burnley,5,Not answered,5709,7.5918562746845035,7.5918562746845035,North West,8169,94645,8.631200803000686,North West,1.160017597539302
139,E07000118,Chorley,5,Not answered,5641,5.853542114165344,5.853542114165344,North West,2504,117737,2.1267740812149114,North West,0.8907247178434886
140,E07000119,Fylde,5,Not answered,3994,5.767509025270758,5.767509025270758,North West,1758,81377,2.160315568280964,North West,0.8601696418356064
141,E07000120,Hyndburn,5,Not answered,4712,7.179534061647697,7.179534061647697,North West,4764,82233,5.793294662726643,North West,1.140797301538602
142,E07000121,Lancaster,5,Not answered,9401,7.857739886325643,7.857739886325643,North West,7369,142937,5.15541812127021,North West,0.9851722288559644
143,E07000122,Pendle,5,Not answered,6448,8.571960330754301,8.571960330754301,North West,11400,95756,11.905259200467857,North West,1.1466608051591949
144,E07000123,Preston,5,Not answered,9154,7.713893266143643,7.713893266143643,North West,17648,147825,11.938440723828851,North West,1.3048669183517918
145,E07000124,Ribble Valley,5,Not answered,3016,5.860635031673857,5.860635031673857,North West,842,61560,1.367771280051982,North West,0.7954428200759875
146,E07000125,Rossendale,5,Not answered,3609,6.298649167510209,6.298649167510209,North West,1533,70870,2.163115563708198,North West,1.0282094301796407
147,E07000126,South Ribble,5,Not answered,5052,5.521371818271239,5.521371818271239,North West,2221,111037,2.0002341561821737,North West,0.8512120870250615
148,E07000127,West Lancashire,5,Not answered,6288,6.394597947789654,6.394597947789654,North West,3750,117428,3.193446196818476,North West,0.8145646673088446
149,E07000128,Wyre,5,Not answered,5757,6.101684136893091,6.101684136893091,North West,1376,111944,1.2291860215822197,North West,0.8015552109066056
150,E07000129,Blaby,5,Not answered,5077,6.068175842038582,6.068175842038582,East Midlands,5286,102939,5.135079998834261,East Midlands,1.1689926334657712
151,E07000130,Charnwood,5,Not answered,11039,7.2103200522534285,7.2103200522534285,East Midlands,11900,183968,6.468516263698035,East Midlands,1.258393701638897
152,E07000131,Harborough,5,Not answered,4845,6.0240214850549565,6.0240214850549565,East Midlands,2663,97630,2.727645191027348,East Midlands,1.0233992778018244
153,E07000132,Hinckley and Bosworth,5,Not answered,5532,5.890244681530697,5.890244681530697,East Midlands,3144,113643,2.7665584329875132,East Midlands,0.9211042692688305
154,E07000133,Melton,5,Not answered,2657,6.187271499429476,6.187271499429476,East Midlands,1441,51758,2.7841106688821053,East Midlands,0.8044566571895754
155,E07000134,North West Leicestershire,5,Not answered,5223,6.061625950211803,6.061625950211803,East Midlands,3044,104704,2.9072432762836184,East Midlands,0.8897106982479218
156,E07000135,Oadby and Wigston,5,Not answered,3682,7.79919508578691,7.79919508578691,East Midlands,5655,57742,9.793564476464272,East Midlands,1.550922731863966
157,E07000136,Boston,5,Not answered,5581,9.691928313420394,9.691928313420394,East Midlands,14173,70504,20.102405537274482,East Midlands,0.7752427221119821
158,E07000137,East Lindsey,5,Not answered,9596,7.903276285229538,7.903276285229538,East Midlands,2089,142296,1.4680665654691627,East Midlands,0.7579848536038687
159,E07000138,Lincoln,5,Not answered,7764,8.917168190379932,8.917168190379932,East Midlands,9843,103816,9.481197503275025,East Midlands,0.9617769589799764
160,E07000139,North Kesteven,5,Not answered,6290,6.417385094118247,6.417385094118247,East Midlands,2306,118075,1.952995977133178,East Midlands,0.8404297594410784
161,E07000140,South Holland,5,Not answered,6911,8.748433484815878,8.748433484815878,East Midlands,10400,95131,10.932293363887693,East Midlands,0.7343334808977107
162,E07000141,South Kesteven,5,Not answered,7722,6.5434578132546966,6.5434578132546966,East Midlands,5982,143404,4.171431759225684,East Midlands,0.8539683788927289
163,E07000142,West Lindsey,5,Not answered,5122,6.473874465987513,6.473874465987513,East Midlands,1460,95154,1.5343548353195873,East Midlands,0.8233629704785242
164,E07000143,Breckland,5,Not answered,8790,7.458507280317686,7.458507280317686,East of England,8724,141479,6.166286162610706,East of England,0.8642331661618072
165,E07000144,Broadland,5,Not answered,7111,6.435119408522845,6.435119408522845,East of England,2445,131721,1.8561960507436173,East of England,0.8437080765615512
166,E07000145,Great Yarmouth,5,Not answered,6450,7.797483045007797,7.797483045007797,East of England,6128,99742,6.143851135930701,East of England,0.82348843167317
167,E07000146,King's Lynn and West Norfolk,5,Not answered,9904,7.68395245632002,7.68395245632002,East of England,8642,154329,5.599725262264383,East of England,0.830605367639705
168,E07000147,North Norfolk,5,Not answered,7276,8.161983285658197,8.161983285658197,East of England,1317,102982,1.2788642675419004,East of England,0.8092966172401156
169,E07000148,Norwich,5,Not answered,10443,8.64751620943501,8.64751620943501,East of England,14048,143925,9.76063922181692,East of England,1.1015301962790207
170,E07000149,South Norfolk,5,Not answered,7687,6.557810593845708,6.557810593845708,East of England,3550,141943,2.5010039241103823,East of England,0.8775203988154708
171,E07000163,Craven,5,Not answered,3171,6.5673929251926095,6.5673929251926095,Yorkshire and The Humber,903,56927,1.5862420292655506,Yorkshire and The Humber,0.8743188089373409
172,E07000164,Hambleton,5,Not answered,4794,6.227268003741037,6.227268003741037,Yorkshire and The Humber,1338,90689,1.4753718753101257,Yorkshire and The Humber,0.7412259952880287
173,E07000165,Harrogate,5,Not answered,9376,6.929580795837522,6.929580795837522,Yorkshire and The Humber,5030,162667,3.0922067782647984,Yorkshire and The Humber,0.838357195762125
174,E07000166,Richmondshire,5,Not answered,2436,5.836128413991375,5.836128413991375,Yorkshire and The Humber,1591,49781,3.1959984733131117,Yorkshire and The Humber,0.9204113783199432
175,E07000167,Ryedale,5,Not answered,3242,6.998532078404283,6.998532078404283,Yorkshire and The Humber,1160,54709,2.1203092726973622,Yorkshire and The Humber,0.773332536396093
176,E07000168,Scarborough,5,Not answered,6671,7.242348905125338,7.242348905125338,Yorkshire and The Humber,3162,108734,2.908014052642228,Yorkshire and The Humber,0.8404476349857424
177,E07000169,Selby,5,Not answered,4339,5.752200657545869,5.752200657545869,Yorkshire and The Humber,2515,91989,2.734022546173999,Yorkshire and The Humber,0.800556521662995
178,E07000170,Ashfield,5,Not answered,6964,6.7714866349678635,6.7714866349678635,East Midlands,3944,126308,3.122525889096494,East Midlands,0.8914297319482539
179,E07000171,Bassetlaw,5,Not answered,6314,6.484743290848029,6.484743290848029,East Midlands,4756,117807,4.037111546852055,East Midlands,0.8286462644350069
180,E07000172,Broxtowe,5,Not answered,6166,6.66306462070456,6.66306462070456,East Midlands,5358,110944,4.829463513123738,East Midlands,1.0252190478587266
181,E07000173,Gedling,5,Not answered,5923,6.140432722711204,6.140432722711204,East Midlands,3691,117260,3.147705952584001,East Midlands,1.0280196847664087
182,E07000174,Mansfield,5,Not answered,5794,6.425640456914716,6.425640456914716,East Midlands,8328,110483,7.537811246979173,East Midlands,0.8946942732010498
183,E07000175,Newark and Sherwood,5,Not answered,6532,6.405931272556097,6.405931272556097,East Midlands,4890,122953,3.977129472237359,East Midlands,0.8379998648561899
184,E07000176,Rushcliffe,5,Not answered,5972,6.11115090613264,6.11115090613264,East Midlands,3503,119079,2.941744556135003,East Midlands,1.0663138813117174
185,E07000177,Cherwell,5,Not answered,8879,6.799194419131779,6.799194419131779,South East,14425,161022,8.958403199562792,South East,1.0264447802915178
186,E07000178,Oxford,5,Not answered,17411,12.735065865985943,12.735065865985943,South East,28608,162041,17.65479107139551,South East,1.2173283354658062
187,E07000179,South Oxfordshire,5,Not answered,7948,6.541886842148584,6.541886842148584,South East,6930,149087,4.648292607672031,South East,0.9415402825966716
188,E07000180,Vale of White Horse,5,Not answered,7470,6.6443114198546604,6.6443114198546604,South East,7484,138913,5.387544722236219,South East,0.9799455571272904
189,E07000181,West Oxfordshire,5,Not answered,5591,5.95998251766888,5.95998251766888,South East,4046,114235,3.5418216833719964,South East,0.8711747685146632
190,E07000187,Mendip,5,Not answered,7689,8.005122278789393,8.005122278789393,South West,3187,116091,2.745260183821313,South West,0.9169978404604232
191,E07000188,Sedgemoor,5,Not answered,7560,7.284570393424615,7.284570393424615,South West,5742,125347,4.580883467494236,South West,0.8161025655308869
192,E07000189,South Somerset,5,Not answered,10655,7.408978388451589,7.408978388451589,South West,7110,172671,4.11765727887138,South West,0.8210119870885749
193,E07000192,Cannock Chase,5,Not answered,4464,5.412352384878392,5.412352384878392,West Midlands,1722,100519,1.7131089644743782,West Midlands,0.8199702675716336
194,E07000193,East Staffordshire,5,Not answered,7224,7.187416052293824,7.187416052293824,West Midlands,11977,124023,9.657079735210404,West Midlands,1.120457647018575
195,E07000194,Lichfield,5,Not answered,4738,5.347871235721703,5.347871235721703,West Midlands,2125,106435,1.9965236999107436,West Midlands,0.9133483229845586
196,E07000195,Newcastle-under-Lyme,5,Not answered,6939,6.724945000629949,6.724945000629949,West Midlands,4161,123305,3.374559020315478,West Midlands,0.9057865994524691
197,E07000196,South Staffordshire,5,Not answered,5100,5.462022876236987,5.462022876236987,West Midlands,1306,110470,1.1822214175794332,West Midlands,0.8427147772922355
198,E07000197,Stafford,5,Not answered,7091,6.241198422757358,6.241198422757358,West Midlands,4678,136867,3.4179166636223486,West Midlands,0.9321801408660395
199,E07000198,Staffordshire Moorlands,5,Not answered,5095,6.301403747449137,6.301403747449137,West Midlands,823,95847,0.8586601562907551,West Midlands,0.73948995839472
200,E07000199,Tamworth,5,Not answered,3573,5.600928001504867,5.600928001504867,West Midlands,3293,78649,4.1869572403972075,West Midlands,0.8411733123937756
201,E07000200,Babergh,5,Not answered,5297,6.8456150326966325,6.8456150326966325,East of England,1561,92343,1.6904367412797938,East of England,0.8458639700263564
202,E07000202,Ipswich,5,Not answered,8714,7.792045210673153,7.792045210673153,East of England,15836,139649,11.339859218469162,East of England,1.0733781230513395
203,E07000203,Mid Suffolk,5,Not answered,5306,6.148106091329386,6.148106091329386,East of England,1482,102698,1.443066077236168,East of England,0.8177257145417841
204,E07000207,Elmbridge,5,Not answered,7180,6.600902797569249,6.600902797569249,South East,9189,138757,6.622368601223721,South East,1.0623948815020638
205,E07000208,Epsom and Ewell,5,Not answered,4474,6.924946213258626,6.924946213258626,South East,7017,80942,8.669170517160437,South East,1.171252058166159
206,E07000209,Guildford,5,Not answered,9225,7.728784591023718,7.728784591023718,South East,11299,143646,7.865864695153363,South East,1.0477165803911557
207,E07000210,Mole Valley,5,Not answered,4645,6.420978421641946,6.420978421641946,South East,3113,87388,3.562273996429716,South East,0.9294291295570603
208,E07000211,Reigate and Banstead,5,Not answered,8051,6.701962057454902,6.701962057454902,South East,9066,150849,6.009983493427202,South East,1.102728425384965
209,E07000212,Runnymede,5,Not answered,5797,7.971562547269702,7.971562547269702,South East,6960,88077,7.902176504649342,South East,1.1176895566854086
210,E07000213,Spelthorne,5,Not answered,5904,7.082363666898586,7.082363666898586,South East,10022,102953,9.734539061513505,South East,1.2569133177598393
211,E07000214,Surrey Heath,5,Not answered,4465,6.051447468285807,6.051447468285807,South East,5726,90449,6.330639365830468,South East,1.1937062900434459
212,E07000215,Tandridge,5,Not answered,4664,6.585152345183971,6.585152345183971,South East,2625,87874,2.987231718141885,South East,0.9920541687650979
213,E07000216,Waverley,5,Not answered,6859,6.618356555637038,6.618356555637038,South East,4552,128223,3.5500651209221434,South East,0.9502912188951137
214,E07000217,Woking,5,Not answered,5456,6.574919862138777,6.574919862138777,South East,11221,103945,10.795132040983212,South East,1.2166565658219304
215,E07000218,North Warwickshire,5,Not answered,3134,5.814687001372964,5.814687001372964,West Midlands,1263,65030,1.9421805320621253,West Midlands,0.7866387448013932
216,E07000219,Nuneaton and Bedworth,5,Not answered,6919,6.371790621431465,6.371790621431465,West Midlands,9552,134205,7.117469542863529,West Midlands,1.1821106956915288
217,E07000220,Rugby,5,Not answered,6417,6.960851313091868,6.960851313091868,West Midlands,12748,114360,11.147254284714936,West Midlands,1.0866256386180697
218,E07000221,Stratford-on-Avon,5,Not answered,7047,6.256270030806381,6.256270030806381,West Midlands,4448,134728,3.3014666587494808,West Midlands,0.8734202328375806
219,E07000222,Warwick,5,Not answered,8391,6.808003115568105,6.808003115568105,West Midlands,12087,148453,8.141970859463939,West Midlands,1.1908689617296433
220,E07000223,Adur,5,Not answered,3426,6.469888391592544,6.469888391592544,South East,1971,64542,3.0538254160081806,South East,0.8914291016585095
221,E07000224,Arun,5,Not answered,9888,7.08558161532343,7.08558161532343,South East,9469,164889,5.742651116811916,South East,0.8649565838366926
222,E07000225,Chichester,5,Not answered,6871,6.561995625972934,6.561995625972934,South East,4014,124070,3.23527041186427,South East,0.8898633419270378
223,E07000226,Crawley,5,Not answered,6752,7.216065149782514,7.216065149782514,South East,17852,118501,15.064851773402758,South East,1.380211130392306
224,E07000227,Horsham,5,Not answered,7497,6.213172223465354,6.213172223465354,South East,4825,146775,3.2873445750298074,South East,0.9167671757109643
225,E07000228,Mid Sussex,5,Not answered,7792,6.318777115517172,6.318777115517172,South East,5951,152563,3.9006836519995014,South East,1.0042130329867633
226,E07000229,Worthing,5,Not answered,6786,7.3478138467202285,7.3478138467202285,South East,5762,111331,5.1755575715658715,South East,1.0217031180559057
227,E07000234,Bromsgrove,5,Not answered,4840,5.968087992305605,5.968087992305605,West Midlands,1479,99183,1.4911829648226007,West Midlands,0.9090042142198802
228,E07000235,Malvern Hills,5,Not answered,4656,6.9368295589988085,6.9368295589988085,West Midlands,1475,79482,1.8557660854029843,West Midlands,0.8093436675422122
229,E07000236,Redditch,5,Not answered,4499,6.40417929993879,6.40417929993879,West Midlands,6396,87033,7.348936610251284,West Midlands,1.0337940076318755
230,E07000237,Worcester,5,Not answered,6133,7.164133774107258,7.164133774107258,West Midlands,7819,103869,7.527751302120941,West Midlands,1.0346118453079838
231,E07000238,Wychavon,5,Not answered,6809,6.149858198305605,6.149858198305605,West Midlands,6065,132486,4.577842187099014,West Midlands,0.7991233961793135
232,E07000239,Wyre Forest,5,Not answered,5845,6.912006433073567,6.912006433073567,West Midlands,2331,101608,2.2941106999448864,West Midlands,0.8473729001876767
233,E07000240,St Albans,5,Not answered,7671,6.607804289775173,6.607804289775173,East of England,9070,148164,6.121594989336141,East of England,1.1778752047060161
234,E07000241,Welwyn Hatfield,5,Not answered,7543,7.737680029543309,7.737680029543309,East of England,12156,119833,10.144117229811487,East of England,1.0985303350496975
235,E07000242,East Hertfordshire,5,Not answered,7634,6.301279405695419,6.301279405695419,East of England,6692,150155,4.456728047684059,East of England,0.9547478214574456
236,E07000243,Stevenage,5,Not answered,4717,6.621651973721152,6.621651973721152,East of England,7024,89492,7.8487462566486395,East of England,1.1020651856596781
237,E07000244,East Suffolk,5,Not answered,14893,7.204465965876383,7.204465965876383,East of England,4973,246054,2.0211010591171044,East of England,0.8545165941772016
238,E07000245,West Suffolk,5,Not answered,10275,6.936615201820059,6.936615201820059,East of England,9769,179953,5.428639700366207,East of England,0.9269502780965566
239,E07000246,Somerset West and Taunton,5,Not answered,9865,7.513671607232624,7.513671607232624,South West,6837,157440,4.342606707317073,South West,0.8469065965362061
240,E08000001,Bolton,5,Not answered,15931,6.85823754789272,6.85823754789272,North West,31208,295956,10.5448107151063,North West,1.2508339651756122
241,E08000002,Bury,5,Not answered,10202,6.587332846913277,6.587332846913277,North West,12257,193857,6.322701785336614,North West,1.3673144328165372
242,E08000003,Manchester,5,Not answered,38162,8.71362094082081,8.71362094082081,North West,97194,551940,17.60952277421459,North West,1.3036617056410995
243,E08000004,Oldham,5,Not answered,13594,7.268158366081215,7.268158366081215,North West,24819,242075,10.252607662914386,North West,1.1507594496988591
244,E08000005,Rochdale,5,Not answered,11711,6.6941421254801545,6.6941421254801545,North West,20363,223774,9.099806054322665,North West,1.1732020772451566
245,E08000006,Salford,5,Not answered,17230,7.94291061805341,7.94291061805341,North West,29504,269921,10.930605621644851,North West,1.3295237962221296
246,E08000007,Stockport,5,Not answered,14335,5.99979072930836,5.99979072930836,North West,12253,294774,4.15674381051246,North West,1.085699161054793
247,E08000008,Tameside,5,Not answered,10985,5.9335079806627595,5.9335079806627595,North West,13171,231079,5.699782325525036,North West,1.1591443586978167
248,E08000009,Trafford,5,Not answered,11519,6.187987171704691,6.187987171704691,North West,16277,235049,6.924939055260817,North West,1.2418934700264932
249,E08000010,Wigan,5,Not answered,14795,5.506263630747244,5.506263630747244,North West,11192,329333,3.398384006461545,North West,0.8770705832189039
250,E08000011,Knowsley,5,Not answered,7082,5.697551870891962,5.697551870891962,North West,4509,154527,2.9179366712613333,North West,0.7955423079466667
251,E08000012,Liverpool,5,Not answered,30444,7.553817600762231,7.553817600762231,North West,44987,486087,9.254927615838318,North West,1.095480365115668
252,E08000013,St. Helens,5,Not answered,8217,5.457189915787796,5.457189915787796,North West,4946,183253,2.6990008349112973,North West,0.8611045873658236
253,E08000014,Sefton,5,Not answered,14151,6.089358790648439,6.089358790648439,North West,9647,279226,3.454907494287781,North West,0.8545381809460199
254,E08000015,Wirral,5,Not answered,16958,6.469827438203191,6.469827438203191,North West,7236,320201,2.259830543939588,North West,0.8911224382899031
255,E08000016,Barnsley,5,Not answered,11638,5.825145528532602,5.825145528532602,Yorkshire and The Humber,10134,244572,4.143565085128306,Yorkshire and The Humber,0.839298500322615
256,E08000017,Doncaster,5,Not answered,16449,6.555345222676098,6.555345222676098,Yorkshire and The Humber,21578,308098,7.003615732656493,Yorkshire and The Humber,0.9558925496755315
257,E08000018,Rotherham,5,Not answered,13007,6.033686964508543,6.033686964508543,Yorkshire and The Humber,10656,265810,4.008878522252736,Yorkshire and The Humber,1.0669169290893095
258,E08000019,Sheffield,5,Not answered,35889,7.866082191780823,7.866082191780823,Yorkshire and The Humber,47330,556519,8.504651233830291,Yorkshire and The Humber,1.1591345614153372
259,E08000021,Newcastle upon Tyne,5,Not answered,18886,7.601529482793319,7.601529482793319,North East,30894,300125,10.293710953769262,North East,1.2067193306924655
260,E08000022,North Tyneside,5,Not answered,8968,5.228788656187322,5.228788656187322,North East,4981,208970,2.383595731444705,North East,0.919517556227411
261,E08000023,South Tyneside,5,Not answered,6502,5.3606173531642645,5.3606173531642645,North East,3236,147775,2.189815598037557,North East,0.9942557381448404
262,E08000024,Sunderland,5,Not answered,12082,5.344338725444661,5.344338725444661,North East,6887,274173,2.511917657829181,North East,0.9291817942627685
263,E08000025,Birmingham,5,Not answered,83766,9.415888060573906,9.415888060573906,West Midlands,171460,1144917,14.975758068052095,West Midlands,1.3588366534206657
264,E08000026,Coventry,5,Not answered,24490,8.845210620031567,8.845210620031567,West Midlands,58334,345326,16.892443661931043,West Midlands,1.4080516352785788
265,E08000027,Dudley,5,Not answered,18481,7.040702813080979,7.040702813080979,West Midlands,13922,323482,4.303794337861149,West Midlands,1.1555051184836176
266,E08000028,Sandwell,5,Not answered,22385,8.41443290443595,8.41443290443595,West Midlands,54042,341835,15.809381719250515,West Midlands,1.481410594474498
267,E08000029,Solihull,5,Not answered,10765,6.169054441260744,6.169054441260744,West Midlands,9424,216252,4.3578787710633895,West Midlands,1.1843956933129196
268,E08000030,Walsall,5,Not answered,16945,7.595248767368893,7.595248767368893,West Midlands,26705,284128,9.398932875323798,West Midlands,1.3768032877675989
269,E08000031,Wolverhampton,5,Not answered,17363,8.329895126701912,8.329895126701912,West Midlands,38189,263729,14.480394647535919,West Midlands,1.445979045404337
270,E08000032,Bradford,5,Not answered,36918,8.757181420106553,8.757181420106553,Yorkshire and The Humber,65208,546405,11.934004996293957,Yorkshire and The Humber,1.2216649345306112
271,E08000033,Calderdale,5,Not answered,11488,6.894151253645714,6.894151253645714,Yorkshire and The Humber,9294,206627,4.497960092340304,Yorkshire and The Humber,1.1929204218759517
272,E08000034,Kirklees,5,Not answered,25742,7.433975886217602,7.433975886217602,Yorkshire and The Humber,32424,433214,7.484522660855836,Yorkshire and The Humber,1.241405514932251
273,E08000035,Leeds,5,Not answered,48264,7.329707762376779,7.329707762376779,Yorkshire and The Humber,71278,811950,8.778619373114108,Yorkshire and The Humber,1.213020506678894
274,E08000036,Wakefield,5,Not answered,17945,6.240914244378135,6.240914244378135,Yorkshire and The Humber,18933,353373,5.357794738137888,Yorkshire and The Humber,0.9871249677086062
275,E08000037,Gateshead,5,Not answered,8874,5.486278122275872,5.486278122275872,North East,8010,196148,4.0836511205824175,North East,1.1953120157282682
276,E09000001,City of London,5,Not answered,830,10.369815092453774,10.369815092453774,London,1826,8585,21.269656377402445,London,1.297036350715765
277,E09000002,Barking and Dagenham,5,Not answered,14780,9.137840427833936,9.137840427833936,London,50244,218866,22.956512203814206,London,1.3248179375792866
278,E09000003,Barnet,5,Not answered,30735,9.935219845225857,9.935219845225857,London,86047,389346,22.100393994031016,London,1.613313504354402
279,E09000004,Bexley,5,Not answered,13640,6.965331644768086,6.965331644768086,London,22657,246462,9.192897890952763,London,1.2191976595531913
280,E09000005,Brent,5,Not answered,32188,11.698643977858787,11.698643977858787,London,110404,339820,32.48896474604202,London,1.5019978841258665
281,E09000006,Bromley,5,Not answered,19340,7.295690487687108,7.295690487687108,London,25701,329988,7.788465035092185,London,1.1177749981284206
282,E09000007,Camden,5,Not answered,18692,10.506553949232188,10.506553949232188,London,43382,210139,20.644430591180125,London,1.3902756228228088
283,E09000008,Croydon,5,Not answered,28344,9.131472717373445,9.131472717373445,London,60237,390721,15.416883146797844,London,1.3398682151646983
284,E09000009,Ealing,5,Not answered,30566,10.348341577202907,10.348341577202907,London,109501,367117,29.82727577311865,London,1.613012428084675
285,E09000010,Enfield,5,Not answered,24858,9.66552869174359,9.66552869174359,London,74807,329990,22.669474832570685,London,1.419471343141824
286,E09000011,Greenwich,5,Not answered,19674,8.563332709458665,8.563332709458665,London,50566,289073,17.49246730064724,London,1.36448448130368
287,E09000012,Hackney,5,Not answered,26384,12.595718677793267,12.595718677793267,London,49524,259141,19.11083155502217,London,1.5166228526800243
288,E09000013,Hammersmith and Fulham,5,Not answered,15015,9.710464537241233,9.710464537241233,London,37965,183154,20.728458018934887,London,1.2411561431876699
289,E09000014,Haringey,5,Not answered,23733,10.9875,10.9875,London,69460,264238,26.28690801474428,London,1.4647925215170512
290,E09000015,Harrow,5,Not answered,22680,10.81952666956078,10.81952666956078,London,77406,261208,29.633855012097637,London,1.5588557236059264
291,E09000016,Havering,5,Not answered,14631,6.9761121441853815,6.9761121441853815,London,24935,262051,9.515323353087759,London,1.1458967961046216
292,E09000017,Hillingdon,5,Not answered,21451,8.868520493802661,8.868520493802661,London,64975,305908,21.24004602691005,London,1.6235001848688244
293,E09000018,Hounslow,5,Not answered,22459,9.821104508026465,9.821104508026465,London,78555,288181,27.25891019879867,London,1.6254978123186479
294,E09000019,Islington,5,Not answered,17719,9.649504972062779,9.649504972062779,London,39805,216587,18.378296019613366,London,1.278302763361949
295,E09000020,Kensington and Chelsea,5,Not answered,13521,10.984734622915127,10.984734622915127,London,32962,143371,22.99070244331141,London,1.2525383118439222
296,E09000021,Kingston upon Thames,5,Not answered,11518,8.502628004488278,8.502628004488278,London,28104,168061,16.722499568609017,London,1.386070730434164
297,E09000022,Lambeth,5,Not answered,24398,9.071777024213219,9.071777024213219,London,54987,317661,17.309962507201075,London,1.2202977942101536
298,E09000023,Lewisham,5,Not answered,23623,9.74501982170776,9.74501982170776,London,46869,300557,15.594047052638935,London,1.2123025233885822
299,E09000024,Merton,5,Not answered,15921,9.215034843608919,9.215034843608919,London,44398,215181,20.63286256686232,London,1.384491633344531
300,E09000025,Newham,5,Not answered,29594,10.715747013647244,10.715747013647244,London,116570,351029,33.20808252309638,London,1.380598651621583
301,E09000026,Redbridge,5,Not answered,23518,9.717499183941623,9.717499183941623,London,78711,310258,25.369531164385766,London,1.583661308907938
302,E09000027,Richmond upon Thames,5,Not answered,11845,7.6010370009112265,7.6010370009112265,London,21368,195272,10.942685075177188,London,1.2071257968589308
303,E09000028,Southwark,5,Not answered,23592,9.210731798731924,9.210731798731924,London,53723,307634,17.463284292373405,London,1.186129531579413
304,E09000029,Sutton,5,Not answered,12678,7.653162860609573,7.653162860609573,London,28868,209632,13.770798351396735,London,1.3360116870246679
305,E09000030,Tower Hamlets,5,Not answered,24688,9.762540285109832,9.762540285109832,London,80621,310304,25.981295761575744,London,1.3020049214206766
306,E09000031,Waltham Forest,5,Not answered,21087,9.490867847080322,9.490867847080322,London,59785,278436,21.471720610840553,London,1.3480960347434634
307,E09000032,Wandsworth,5,Not answered,22821,8.342289386528634,8.342289386528634,London,54091,327504,16.516134154086668,London,1.3036277544495898
308,E09000033,Westminster,5,Not answered,19885,11.20490006592775,11.20490006592775,London,52599,204223,25.755669048050418,London,1.3934979897027993
309,W06000001,Isle of Anglesey,5,Not answered,4552,7.965143747047193,7.965143747047193,Wales,622,68876,0.9030721876996342,Wales,0.7980221976309698
310,W06000002,Gwynedd,5,Not answered,9163,9.353054058468071,9.353054058468071,Wales,2855,117387,2.4321262149982537,Wales,0.8749794176805022
311,W06000003,Conwy,5,Not answered,7986,8.287327217633141,8.287327217633141,Wales,2057,114750,1.7925925925925925,Wales,0.8536794276861078
312,W06000004,Denbighshire,5,Not answered,6537,8.284331119785065,8.284331119785065,Wales,1610,95816,1.6803039158386905,Wales,0.8478272256654972
313,W06000005,Flintshire,5,Not answered,9287,7.279468246876421,7.279468246876421,Wales,5518,154955,3.5610338485366717,Wales,0.8077049865007772
314,W06000006,Wrexham,5,Not answered,8690,7.880370712951376,7.880370712951376,Wales,6682,135116,4.945380265845644,Wales,0.8631715958431718
315,W06000008,Ceredigion,5,Not answered,6405,10.43312537668388,10.43312537668388,Wales,2059,71471,2.8808887520812636,Wales,0.8985271311884202
316,W06000009,Pembrokeshire,5,Not answered,8094,7.892658287096177,7.892658287096177,Wales,1636,123359,1.3262104913301827,Wales,0.8430722854113006
317,W06000010,Carmarthenshire,5,Not answered,12307,7.915182074270352,7.915182074270352,Wales,4432,187897,2.358739096419847,Wales,0.8581487539610424
318,W06000011,Swansea,5,Not answered,15414,7.790474938971075,7.790474938971075,Wales,11023,238494,4.621919209707582,Wales,1.0126840447020504
319,W06000012,Neath Port Talbot,5,Not answered,8732,7.4514656312668,7.4514656312668,Wales,2009,142297,1.4118358082039677,Wales,0.8731141336289733
320,W06000013,Bridgend,5,Not answered,7729,6.468756800187476,6.468756800187476,Wales,2483,145484,1.7067168898298095,Wales,0.8580437677679533
321,W06000014,Vale of Glamorgan,5,Not answered,7089,6.59718021497371,6.59718021497371,Wales,2275,131932,1.7243731619319043,Wales,0.9649200581995907
322,W06000015,Cardiff,5,Not answered,22679,7.653731020913695,7.653731020913695,Wales,31088,362306,8.580592096183889,Wales,1.243721119226187
323,W06000016,Rhondda Cynon Taf,5,Not answered,13742,7.089242324974335,7.089242324974335,Wales,3452,237652,1.452544056014677,Wales,0.8785980417148872
324,W06000018,Caerphilly,5,Not answered,9484,6.609888348364255,6.609888348364255,Wales,2046,175964,1.1627378327385147,Wales,0.8330062880537127
325,W06000019,Blaenau Gwent,5,Not answered,3914,7.097780356883796,7.097780356883796,Wales,1204,66906,1.7995396526469971,Wales,0.8658951265661005
326,W06000020,Torfaen,5,Not answered,5233,6.9668366328065705,6.9668366328065705,Wales,1318,92273,1.4283701624527216,Wales,0.8504897719892867
327,W06000021,Monmouthshire,5,Not answered,5423,6.931237218813906,6.931237218813906,Wales,1457,92955,1.5674250981657791,Wales,0.8558040261429514
328,W06000022,Newport,5,Not answered,8721,6.844133319730347,6.844133319730347,Wales,10035,159590,6.287987969171001,Wales,1.0850682399444345
329,W06000023,Powys,5,Not answered,9832,8.736837428355622,8.736837428355622,Wales,2496,133173,1.8742537901826946,Wales,0.8618741215596686
330,W06000024,Merthyr Tydfil,5,Not answered,2910,6.10357195293328,6.10357195293328,Wales,2176,58842,3.698038815811835,Wales,0.8422857611568288
