LA_name,Total_Observation,No religion_Percentage,No religion_Observation,Christian_Percentage,Christian_Observation,Buddhist_Percentage,Buddhist_Observation,Hindu_Percentage,Hindu_Observation,Jewish_Percentage,Jewish_Observation,Muslim_Percentage,Muslim_Observation,Sikh_Percentage,Sikh_Observation,Other religion_Percentage,Other religion_Observation,Buddhist_NR,Christian_NR,Hindu_NR,Jewish_NR,Muslim_NR,No religion_NR,Other religion_NR,Sikh_NR
Adur,49937,47.51,23725,49.18,24557,0.51,256,0.34,170,0.43,215,1.23,615,0.07,33,0.73,366,0.02,1.46,0.0,0.0,0.06,1.34,0.03,0.0
Allerdale,75913,33.1,25128,65.88,50010,0.27,205,0.08,57,0.04,33,0.23,175,0.03,20,0.38,285,0.01,1.72,0.0,0.0,0.02,0.97,0.03,0.01
Amber Valley,99178,46.62,46233,51.74,51317,0.26,261,0.18,178,0.06,55,0.25,246,0.2,203,0.69,685,0.02,1.92,0.0,0.0,0.01,1.39,0.05,0.01
Arun,131269,39.56,51925,58.33,76574,0.36,469,0.23,303,0.19,246,0.66,866,0.05,64,0.63,822,0.03,2.06,0.02,0.01,0.04,1.22,0.05,0.0
Ashfield,96860,49.49,47936,48.56,47039,0.24,236,0.32,312,0.04,39,0.53,518,0.23,223,0.58,557,0.03,1.87,0.02,0.0,0.05,1.67,0.04,0.02
Ashford,100889,40.28,40635,53.35,53820,1.15,1164,2.2,2224,0.13,128,1.42,1428,0.12,125,1.35,1365,0.07,1.58,0.11,0.01,0.09,1.17,0.1,0.0
Babergh,72856,42.55,30999,55.87,40706,0.31,223,0.17,124,0.16,115,0.4,290,0.03,23,0.52,376,0.02,1.81,0.01,0.01,0.03,1.23,0.02,0.0
Barking and Dagenham,152848,20.11,30743,50.67,77444,0.46,708,3.16,4836,0.16,244,22.84,34903,2.09,3189,0.51,781,0.03,3.02,0.2,0.01,1.64,0.9,0.05,0.18
Barnet,285544,22.67,64739,41.16,117518,1.27,3622,6.58,18795,14.45,41247,11.86,33879,0.44,1248,1.57,4496,0.07,2.04,0.38,0.6,0.88,1.07,0.14,0.02
Barnsley,189686,40.62,77055,57.93,109881,0.21,403,0.16,307,0.03,59,0.51,959,0.11,206,0.43,816,0.01,1.87,0.01,0.0,0.04,1.17,0.03,0.0
Barrow-in-Furness,52728,39.13,20631,59.44,31340,0.29,155,0.18,96,0.04,19,0.45,235,0.04,20,0.44,232,0.01,1.62,0.01,0.0,0.04,1.3,0.05,0.01
Basildon,140968,43.48,61293,52.34,73782,0.35,500,1.23,1737,0.26,369,1.66,2338,0.2,278,0.48,671,0.02,1.69,0.07,0.01,0.09,1.14,0.03,0.01
Basingstoke and Deane,141832,43.8,62124,50.58,71744,0.97,1373,2.19,3111,0.11,152,1.32,1872,0.27,390,0.75,1066,0.03,1.31,0.11,0.0,0.12,1.13,0.05,0.01
Bassetlaw,92131,36.45,33584,61.79,56931,0.25,233,0.22,207,0.05,46,0.59,546,0.16,144,0.48,440,0.01,2.26,0.01,0.0,0.05,1.18,0.03,0.01
Bath and North East Somerset,150324,49.55,74490,47.37,71201,0.62,929,0.51,772,0.2,294,0.96,1450,0.1,148,0.69,1040,0.03,1.4,0.01,0.01,0.05,1.44,0.04,0.0
Bedford,139753,34.86,48715,53.03,74114,0.4,555,1.72,2398,0.14,194,6.25,8735,2.37,3315,1.24,1727,0.02,1.94,0.07,0.0,0.49,1.0,0.07,0.13
Bexley,184947,34.12,63098,55.5,102639,0.95,1757,2.94,5434,0.11,204,3.66,6765,2.26,4174,0.47,876,0.06,1.94,0.17,0.0,0.19,1.08,0.04,0.15
Birmingham,834586,26.2,218688,39.53,329931,0.46,3821,2.17,18107,0.19,1555,27.57,230067,3.22,26841,0.67,5576,0.03,1.82,0.12,0.01,2.25,1.07,0.05,0.17
Blaby,79331,41.78,33144,49.42,39207,0.29,233,3.87,3073,0.06,49,1.25,992,2.89,2289,0.43,344,0.02,1.52,0.17,0.0,0.08,1.03,0.02,0.13
Blackburn with Darwen,113645,22.29,25326,43.58,49527,0.21,240,0.36,406,0.04,40,33.07,37585,0.1,110,0.36,411,0.01,1.54,0.03,0.0,2.87,0.86,0.03,0.01
Blackpool,110197,39.85,43911,57.22,63050,0.43,478,0.36,397,0.19,213,1.27,1401,0.07,81,0.6,666,0.02,1.75,0.03,0.01,0.11,1.38,0.04,0.0
Blaenau Gwent,51996,56.25,29249,42.24,21965,0.23,117,0.11,59,0.02,10,0.42,220,0.15,78,0.57,298,0.01,1.94,0.02,0.0,0.06,2.25,0.05,0.02
Bolsover,62555,43.96,27499,54.63,34176,0.22,135,0.17,109,0.06,36,0.28,176,0.17,105,0.51,319,0.01,1.98,0.01,0.0,0.01,1.37,0.04,0.0
Bolton,221632,26.53,58789,52.84,117100,0.23,514,2.23,4939,0.07,150,17.64,39086,0.08,172,0.4,882,0.01,1.61,0.12,0.0,1.51,0.89,0.03,0.0
Boston,53985,30.78,16615,66.7,36010,0.28,153,0.35,190,0.08,42,1.28,691,0.05,26,0.48,258,0.02,4.61,0.02,0.01,0.08,1.71,0.04,0.0
"Bournemouth, Christchurch and Poole",312265,43.57,136055,52.21,163035,0.6,1888,0.68,2115,0.48,1509,1.52,4733,0.07,227,0.87,2703,0.03,1.68,0.03,0.02,0.13,1.37,0.07,0.0
Bracknell Forest,94542,41.17,38925,52.06,49220,0.94,885,2.41,2282,0.18,166,1.68,1593,0.85,806,0.7,665,0.06,1.41,0.18,0.0,0.12,1.07,0.05,0.03
Bradford,398999,29.56,117953,39.33,156918,0.22,886,0.99,3967,0.06,229,28.36,113139,1.01,4010,0.48,1897,0.01,1.54,0.07,0.0,2.65,1.01,0.04,0.06
Braintree,119299,44.53,53123,53.33,63623,0.32,387,0.4,472,0.21,250,0.6,721,0.08,96,0.53,627,0.03,1.56,0.02,0.0,0.05,1.18,0.03,0.0
Breckland,110679,41.49,45918,56.74,62796,0.34,373,0.14,154,0.12,138,0.46,508,0.05,55,0.67,737,0.02,2.25,0.01,0.01,0.04,1.36,0.08,0.01
Brent,256135,15.65,40080,42.74,109483,1.09,2797,17.38,44518,1.2,3064,19.9,50960,0.52,1321,1.53,3912,0.06,2.67,1.39,0.03,1.66,0.76,0.18,0.02
Brentwood,59370,34.23,20321,60.64,36003,0.47,278,1.79,1063,0.48,286,1.47,870,0.53,312,0.4,237,0.02,1.68,0.09,0.01,0.09,0.99,0.03,0.0
Bridgend,112925,51.95,58659,46.25,52230,0.32,366,0.25,287,0.03,37,0.54,608,0.07,76,0.59,662,0.03,1.74,0.02,0.0,0.03,1.65,0.03,0.0
Brighton and Hove,218809,58.33,127640,34.47,75423,1.06,2321,0.81,1774,1.0,2191,2.93,6411,0.16,342,1.24,2707,0.06,1.13,0.04,0.03,0.17,1.85,0.11,0.01
Bristol,363239,54.71,198726,36.43,132315,0.7,2539,0.8,2918,0.3,1103,5.67,20587,0.48,1759,0.91,3292,0.03,1.43,0.04,0.01,0.47,1.81,0.07,0.02
Broadland,103888,43.81,45509,54.37,56489,0.36,370,0.27,284,0.14,147,0.46,475,0.07,71,0.52,543,0.02,1.61,0.01,0.01,0.03,1.09,0.05,0.0
Bromley,248722,38.26,95153,53.66,133472,0.76,1881,2.89,7180,0.34,847,3.15,7847,0.35,859,0.6,1483,0.03,1.77,0.13,0.01,0.17,1.22,0.05,0.02
Bromsgrove,76733,36.84,28272,59.66,45781,0.32,247,0.65,501,0.11,82,0.8,615,1.14,872,0.47,363,0.01,1.66,0.04,0.01,0.05,1.02,0.02,0.04
Broxbourne,74946,33.25,24916,58.67,43968,0.53,398,1.23,919,0.42,313,4.09,3066,0.17,124,1.66,1242,0.02,2.05,0.05,0.0,0.27,1.09,0.17,0.0
Broxtowe,87345,46.95,41005,47.67,41633,0.49,424,1.13,991,0.13,111,2.09,1828,0.98,852,0.57,501,0.01,1.37,0.05,0.0,0.1,1.37,0.04,0.05
Buckinghamshire,417584,35.27,147267,52.75,220276,0.58,2420,2.55,10669,0.35,1447,6.36,26561,1.6,6691,0.54,2253,0.03,1.58,0.14,0.01,0.55,1.06,0.04,0.06
Burnley,71136,32.19,22901,54.23,38580,0.29,206,0.21,146,0.04,31,12.52,8905,0.06,42,0.46,325,0.02,1.87,0.01,0.0,1.25,1.21,0.05,0.0
Bury,147544,30.13,44452,54.47,80360,0.32,469,0.5,735,5.14,7584,8.75,12908,0.29,422,0.42,614,0.01,1.52,0.02,0.33,0.65,0.9,0.03,0.02
Caerphilly,135549,56.12,76065,42.5,57607,0.22,293,0.14,191,0.05,74,0.32,438,0.12,160,0.53,721,0.01,1.74,0.01,0.0,0.02,1.94,0.03,0.01
Calderdale,157942,42.13,66546,47.58,75151,0.37,588,0.53,838,0.08,134,8.48,13391,0.19,299,0.63,995,0.02,1.4,0.02,0.01,0.79,1.3,0.04,0.01
Cambridge,112432,49.71,55889,39.6,44526,1.39,1561,2.48,2791,0.78,877,4.89,5496,0.26,290,0.89,1002,0.06,1.51,0.08,0.02,0.28,1.85,0.1,0.01
Camden,162257,39.65,64341,35.05,56866,1.4,2271,2.11,3430,5.15,8359,15.33,24879,0.27,444,1.03,1667,0.09,1.45,0.07,0.13,1.09,1.63,0.11,0.01
Cannock Chase,78500,39.3,30848,59.01,46323,0.24,187,0.17,135,0.03,25,0.32,255,0.39,309,0.53,418,0.02,1.71,0.01,0.0,0.02,1.05,0.03,0.02
Canterbury,123419,43.01,53083,52.35,64614,0.71,873,0.86,1061,0.23,278,1.79,2215,0.19,239,0.86,1056,0.03,1.57,0.05,0.01,0.09,1.21,0.06,0.0
Cardiff,277760,45.78,127172,42.51,118088,0.53,1479,1.59,4408,0.23,634,8.24,22897,0.42,1165,0.69,1917,0.03,1.62,0.07,0.01,0.7,1.44,0.06,0.02
Carlisle,86280,38.66,33358,59.34,51197,0.37,321,0.35,298,0.05,41,0.75,646,0.03,25,0.46,394,0.02,1.89,0.01,0.0,0.05,1.14,0.03,0.0
Carmarthenshire,146200,43.83,64086,54.19,79232,0.35,514,0.23,343,0.07,96,0.49,714,0.09,132,0.74,1083,0.02,2.45,0.01,0.0,0.05,1.77,0.07,0.01
Castle Point,70657,42.24,29845,55.22,39016,0.3,213,0.48,339,0.49,349,0.72,508,0.09,66,0.45,321,0.01,1.68,0.04,0.09,0.04,1.21,0.02,0.0
Central Bedfordshire,224351,42.63,95639,53.44,119882,0.39,871,1.05,2357,0.25,556,1.2,2685,0.5,1132,0.55,1229,0.02,1.6,0.04,0.01,0.07,1.12,0.04,0.01
Ceredigion,56728,44.54,25266,52.61,29847,0.64,363,0.23,129,0.12,68,0.65,366,0.06,32,1.16,657,0.05,2.69,0.01,0.01,0.04,2.04,0.1,0.0
Charnwood,143929,41.23,59341,46.69,67194,0.41,586,7.04,10135,0.1,144,2.8,4027,1.13,1627,0.61,875,0.01,1.36,0.39,0.01,0.17,1.15,0.05,0.03
Chelmsford,139278,41.58,57908,53.56,74598,0.54,752,1.6,2229,0.25,344,1.84,2565,0.15,206,0.49,676,0.02,1.57,0.06,0.01,0.11,1.08,0.04,0.0
Cheltenham,92531,45.86,42435,50.28,46529,0.54,503,1.03,956,0.18,171,1.3,1207,0.15,140,0.64,590,0.04,1.51,0.07,0.01,0.1,1.31,0.03,0.01
Cherwell,123000,38.54,47402,55.95,68813,0.65,798,0.78,959,0.14,175,2.92,3597,0.41,501,0.61,755,0.04,1.84,0.03,0.0,0.2,1.18,0.05,0.01
Cheshire East,312052,37.27,116292,60.12,187610,0.38,1198,0.52,1608,0.18,558,0.97,3031,0.09,284,0.47,1471,0.02,1.69,0.02,0.0,0.07,1.07,0.03,0.0
Cheshire West and Chester,279559,37.58,105057,60.19,168271,0.35,971,0.41,1151,0.1,274,0.88,2468,0.07,202,0.42,1165,0.02,1.57,0.02,0.0,0.07,1.02,0.03,0.01
Chesterfield,81259,43.73,35538,54.0,43878,0.3,240,0.33,268,0.04,32,0.86,699,0.15,122,0.59,482,0.02,1.91,0.02,0.0,0.09,1.32,0.03,0.0
Chichester,98560,39.12,38552,58.69,57846,0.57,566,0.25,243,0.21,204,0.5,495,0.04,38,0.62,616,0.03,1.69,0.01,0.01,0.04,1.13,0.04,0.0
Chorley,91517,31.24,28592,66.24,60621,0.3,273,0.29,261,0.06,57,1.28,1170,0.04,39,0.55,504,0.02,1.67,0.01,0.0,0.09,0.85,0.04,0.0
City of London,7325,48.71,3568,38.24,2801,1.26,92,2.5,183,2.32,170,6.13,449,0.11,8,0.74,54,0.04,1.46,0.01,0.11,0.71,1.91,0.07,0.03
Colchester,146623,44.78,65662,50.1,73454,0.79,1158,1.34,1966,0.2,289,1.95,2853,0.13,193,0.71,1048,0.04,1.51,0.05,0.01,0.14,1.32,0.04,0.01
Conwy,90414,40.42,36543,57.56,52038,0.4,358,0.23,212,0.07,59,0.67,605,0.03,23,0.64,576,0.03,2.66,0.01,0.0,0.08,1.78,0.05,0.0
Copeland,53209,28.27,15043,70.54,37536,0.26,141,0.07,35,0.03,17,0.38,203,0.02,11,0.42,223,0.01,2.11,0.01,0.0,0.03,0.91,0.03,0.0
Cornwall,446682,46.25,206588,51.94,232024,0.44,1948,0.1,458,0.1,466,0.21,939,0.03,116,0.93,4143,0.04,1.8,0.01,0.01,0.02,1.62,0.06,0.0
Cotswold,71947,36.88,26534,61.37,44157,0.41,297,0.26,187,0.21,151,0.25,182,0.07,47,0.54,392,0.02,1.68,0.01,0.0,0.03,0.91,0.06,0.0
County Durham,411845,37.72,155351,60.52,249252,0.29,1205,0.2,824,0.07,281,0.52,2161,0.17,684,0.51,2087,0.01,1.6,0.01,0.0,0.03,1.05,0.03,0.0
Coventry,259624,31.06,80637,48.82,126739,0.42,1086,4.22,10954,0.09,242,9.32,24198,5.42,14076,0.65,1692,0.03,2.2,0.25,0.0,0.76,1.16,0.05,0.3
Craven,45652,38.51,17582,59.46,27143,0.27,123,0.18,80,0.1,47,0.94,427,0.05,21,0.5,229,0.01,1.68,0.01,0.0,0.08,1.12,0.03,0.0
Crawley,88379,35.85,31685,47.81,42253,0.53,466,5.49,4848,0.08,74,8.85,7823,0.77,684,0.62,546,0.02,1.66,0.36,0.0,0.64,1.01,0.06,0.05
Croydon,289565,27.72,80256,53.74,155598,0.73,2119,6.38,18464,0.18,526,9.82,28421,0.47,1367,0.97,2814,0.04,2.41,0.39,0.01,0.78,1.06,0.08,0.03
Dacorum,116517,41.75,48643,51.65,60183,0.55,646,1.7,1981,0.66,768,2.92,3405,0.21,245,0.55,646,0.02,1.53,0.08,0.02,0.22,1.2,0.05,0.01
Darlington,83762,39.32,32937,57.55,48207,0.37,313,0.41,343,0.04,34,1.44,1207,0.4,339,0.46,382,0.02,1.66,0.03,0.0,0.14,1.12,0.03,0.03
Dartford,85911,37.15,31917,53.18,45684,0.66,565,3.52,3025,0.09,75,3.09,2656,1.85,1592,0.46,397,0.04,1.69,0.2,0.0,0.21,1.03,0.06,0.07
Denbighshire,73693,41.46,30553,56.57,41690,0.39,289,0.2,146,0.07,50,0.67,492,0.04,28,0.6,445,0.01,2.61,0.01,0.01,0.07,1.77,0.03,0.01
Derby,195975,37.62,73723,46.02,90193,0.39,757,1.23,2410,0.07,130,10.02,19642,4.05,7934,0.61,1186,0.02,2.1,0.08,0.0,0.96,1.37,0.04,0.2
Derbyshire Dales,57630,37.51,21615,61.01,35158,0.35,200,0.09,52,0.08,47,0.36,208,0.08,47,0.53,303,0.01,1.82,0.0,0.0,0.06,1.18,0.05,0.01
Doncaster,237737,38.5,91522,57.6,136929,0.32,759,0.41,977,0.04,103,2.03,4836,0.44,1057,0.65,1554,0.02,2.19,0.02,0.0,0.17,1.2,0.04,0.03
Dorset,301812,39.98,120674,58.05,175196,0.49,1481,0.19,570,0.14,421,0.38,1146,0.03,98,0.74,2226,0.02,1.86,0.01,0.01,0.02,1.21,0.04,0.0
Dover,90961,41.72,37945,55.72,50682,0.56,505,0.59,536,0.11,104,0.57,517,0.07,63,0.67,609,0.04,1.73,0.04,0.01,0.04,1.32,0.06,0.01
Dudley,248255,35.18,87342,56.2,139517,0.29,724,0.71,1765,0.03,71,5.37,13323,1.68,4182,0.54,1331,0.02,2.17,0.04,0.0,0.48,1.16,0.02,0.08
Ealing,275700,21.23,58518,41.79,115210,1.26,3465,8.4,23158,0.33,917,17.65,48648,8.47,23360,0.88,2424,0.06,2.18,0.6,0.01,1.34,0.97,0.08,0.61
East Cambridgeshire,67186,43.01,28896,54.56,36659,0.45,302,0.37,250,0.17,112,0.6,403,0.16,107,0.68,457,0.02,1.75,0.02,0.01,0.06,1.37,0.07,0.01
East Devon,119393,41.76,49859,56.65,67636,0.4,476,0.11,133,0.12,145,0.29,348,0.03,31,0.64,765,0.03,1.98,0.01,0.0,0.01,1.23,0.04,0.0
East Hampshire,97830,41.04,40148,56.91,55674,0.39,381,0.3,290,0.19,183,0.55,542,0.06,62,0.56,550,0.02,1.54,0.02,0.01,0.05,1.08,0.04,0.0
East Hertfordshire,114310,42.24,48289,54.55,62352,0.42,475,0.62,705,0.42,479,1.09,1248,0.15,175,0.51,587,0.02,1.46,0.03,0.01,0.07,1.1,0.05,0.0
East Lindsey,114146,37.65,42973,60.94,69559,0.27,303,0.13,148,0.07,81,0.32,365,0.05,57,0.58,660,0.02,2.53,0.01,0.0,0.02,1.42,0.03,0.0
East Riding of Yorkshire,271356,38.52,104532,59.83,162359,0.3,824,0.22,602,0.1,268,0.52,1412,0.07,195,0.43,1164,0.02,1.91,0.01,0.0,0.03,1.18,0.03,0.0
East Staffordshire,94975,34.11,32392,56.96,54098,0.31,291,0.3,281,0.03,33,7.44,7069,0.33,312,0.53,499,0.01,2.09,0.01,0.0,0.79,1.12,0.04,0.01
East Suffolk,194393,43.85,85232,54.15,105272,0.38,746,0.27,534,0.13,249,0.48,929,0.06,121,0.67,1310,0.02,1.98,0.02,0.01,0.04,1.39,0.04,0.0
Eastbourne,79069,43.4,34316,52.25,41311,0.68,536,0.52,415,0.23,184,2.01,1588,0.04,35,0.87,684,0.06,1.9,0.03,0.02,0.17,1.42,0.05,0.0
Eastleigh,104408,44.69,46660,51.56,53833,0.45,468,0.97,1017,0.1,102,0.95,990,0.75,779,0.54,559,0.02,1.26,0.05,0.0,0.05,1.14,0.03,0.05
Eden,43966,34.72,15267,63.98,28131,0.3,133,0.06,27,0.07,30,0.33,143,0.01,5,0.52,230,0.01,2.22,0.0,0.01,0.04,1.07,0.03,0.0
Elmbridge,102157,36.61,37397,56.83,58056,0.68,690,1.69,1724,0.63,642,2.51,2562,0.55,558,0.52,528,0.04,1.52,0.07,0.02,0.13,1.09,0.04,0.01
Enfield,239470,21.49,51470,51.4,123081,0.64,1526,3.58,8575,1.35,3222,17.74,42490,0.39,941,3.41,8165,0.03,2.58,0.21,0.04,1.46,1.09,0.38,0.02
Epping Forest,103522,33.59,34773,54.74,56667,0.44,456,2.19,2272,3.57,3693,3.33,3448,1.45,1497,0.69,716,0.02,1.78,0.08,0.05,0.18,1.0,0.05,0.06
Epsom and Ewell,60864,36.31,22100,53.41,32505,0.8,489,3.67,2236,0.29,177,4.74,2884,0.28,170,0.5,303,0.03,1.63,0.13,0.01,0.26,1.05,0.03,0.02
Erewash,88483,49.31,43632,48.55,42959,0.26,234,0.48,421,0.04,38,0.41,361,0.31,271,0.64,567,0.02,1.72,0.02,0.0,0.02,1.32,0.04,0.01
Exeter,103127,50.8,52387,44.91,46313,0.67,696,0.58,594,0.18,185,1.93,1995,0.13,134,0.8,823,0.04,1.53,0.02,0.01,0.15,1.44,0.06,0.0
Fareham,90589,42.88,38843,55.2,50005,0.34,305,0.34,311,0.07,64,0.57,519,0.08,71,0.52,471,0.02,1.34,0.01,0.0,0.03,1.1,0.03,0.0
Fenland,79654,39.0,31069,58.97,46974,0.28,224,0.22,172,0.13,103,0.68,544,0.11,91,0.6,477,0.02,2.65,0.01,0.01,0.06,1.45,0.06,0.0
Flintshire,119555,40.45,48358,58.19,69564,0.31,368,0.19,232,0.05,55,0.43,514,0.02,20,0.37,444,0.01,2.45,0.02,0.0,0.04,1.54,0.02,0.0
Folkestone and Hythe,86452,41.19,35609,53.97,46657,1.09,939,1.57,1357,0.16,135,0.93,807,0.05,40,1.05,908,0.08,1.56,0.11,0.01,0.06,1.22,0.07,0.0
Forest of Dean,68505,41.49,28421,56.98,39033,0.31,209,0.13,89,0.07,51,0.24,166,0.08,53,0.71,483,0.01,1.98,0.01,0.0,0.02,1.29,0.05,0.0
Fylde,65852,31.14,20506,66.58,43842,0.38,251,0.28,184,0.43,281,0.66,434,0.09,60,0.45,294,0.03,1.69,0.0,0.01,0.03,0.96,0.02,0.0
Gateshead,154642,39.91,61715,56.17,86861,0.28,432,0.26,400,0.95,1464,1.75,2709,0.2,305,0.49,756,0.02,1.44,0.01,0.24,0.17,1.06,0.03,0.01
Gedling,91280,47.65,43496,47.96,43780,0.37,338,0.67,614,0.09,85,1.93,1761,0.78,714,0.54,492,0.01,1.48,0.02,0.0,0.13,1.28,0.05,0.04
Gloucester,100677,40.26,40533,53.24,53604,0.37,371,0.94,947,0.06,62,4.34,4367,0.2,200,0.59,593,0.02,1.89,0.04,0.0,0.32,1.27,0.05,0.01
Gosport,63881,47.02,30036,50.97,32558,0.38,242,0.26,169,0.05,35,0.51,326,0.04,23,0.77,492,0.02,1.39,0.03,0.0,0.02,1.16,0.04,0.0
Gravesham,80286,31.81,25542,54.44,43709,0.37,297,1.39,1114,0.08,68,2.72,2187,8.47,6802,0.71,567,0.03,1.85,0.06,0.0,0.14,1.0,0.06,0.34
Great Yarmouth,77711,44.02,34211,53.89,41875,0.32,252,0.34,267,0.07,56,0.67,518,0.03,26,0.65,506,0.01,2.35,0.02,0.01,0.05,1.56,0.03,0.0
Greenwich,215008,35.17,75628,48.16,103554,2.09,4491,4.3,9245,0.25,529,8.02,17240,1.27,2729,0.74,1592,0.13,2.11,0.31,0.01,0.51,1.33,0.06,0.07
Guildford,111122,41.58,46200,52.91,58791,0.81,902,1.5,1672,0.31,339,2.1,2335,0.24,262,0.56,621,0.04,1.41,0.05,0.01,0.12,1.18,0.03,0.01
Gwynedd,91136,44.74,40775,52.78,48102,0.45,411,0.23,212,0.06,51,0.89,809,0.05,42,0.81,734,0.02,3.06,0.02,0.0,0.08,2.08,0.06,0.01
Hackney,192769,42.61,82141,34.04,65625,1.1,2118,0.93,1800,5.29,10202,13.11,25263,0.74,1433,2.17,4187,0.06,1.61,0.03,1.69,0.87,1.65,0.23,0.04
Halton,99157,33.86,33577,64.52,63979,0.25,252,0.25,250,0.04,41,0.58,578,0.06,55,0.43,425,0.01,1.68,0.02,0.0,0.07,0.98,0.03,0.01
Hambleton,72899,33.74,24594,65.17,47511,0.25,180,0.11,82,0.07,48,0.21,153,0.03,24,0.42,307,0.01,1.91,0.01,0.0,0.02,0.94,0.03,0.0
Hammersmith and Fulham,141858,35.04,49706,49.63,70410,1.13,1609,1.38,1960,0.74,1044,11.01,15623,0.29,406,0.78,1100,0.07,1.89,0.03,0.02,0.84,1.39,0.07,0.01
Harborough,76240,38.44,29308,55.63,42411,0.29,224,2.54,1935,0.14,104,1.06,806,1.46,1112,0.45,340,0.02,1.58,0.1,0.0,0.07,1.01,0.02,0.07
Haringey,199359,35.3,70377,43.54,86801,1.14,2273,1.57,3125,2.98,5945,12.46,24839,0.36,714,2.65,5285,0.06,2.66,0.09,0.37,0.98,1.61,0.24,0.02
Harlow,69216,43.87,30368,49.8,34468,0.46,315,1.0,693,0.39,271,3.62,2503,0.09,64,0.77,534,0.03,1.97,0.04,0.01,0.29,1.31,0.06,0.0
Harrogate,126877,37.09,47062,60.95,77337,0.38,479,0.26,328,0.25,313,0.51,647,0.08,100,0.48,611,0.02,1.66,0.01,0.01,0.04,1.07,0.03,0.0
Harrow,197509,11.81,23316,37.02,73116,1.21,2393,27.58,54471,3.41,6729,14.51,28663,1.15,2269,3.32,6552,0.1,2.31,1.96,0.09,1.17,0.55,0.27,0.07
Hart,76090,41.09,31265,55.26,42049,0.72,548,1.2,913,0.14,108,0.76,575,0.34,258,0.49,374,0.04,1.23,0.07,0.0,0.03,0.9,0.04,0.0
Hartlepool,70895,38.76,27479,59.06,41870,0.23,160,0.24,170,0.03,23,1.11,790,0.19,134,0.38,269,0.02,1.92,0.05,0.0,0.14,1.2,0.03,0.02
Hastings,69781,51.84,36175,43.82,30578,0.76,528,0.52,366,0.22,154,1.71,1195,0.05,32,1.08,753,0.03,1.64,0.02,0.01,0.14,1.89,0.1,0.01
Havant,97226,46.21,44929,51.91,50470,0.34,330,0.28,271,0.09,89,0.49,473,0.08,79,0.6,585,0.02,1.48,0.02,0.01,0.02,1.33,0.04,0.01
Havering,198313,30.92,61309,57.84,114701,0.47,941,2.49,4947,0.56,1109,5.55,11007,1.7,3378,0.46,921,0.03,2.2,0.15,0.01,0.34,1.03,0.05,0.08
Herefordshire,146667,37.13,54452,61.16,89698,0.4,592,0.2,296,0.09,126,0.38,555,0.07,96,0.58,852,0.02,2.43,0.01,0.0,0.03,1.45,0.05,0.0
Hertsmere,80737,25.5,20589,46.27,37356,0.64,516,5.04,4073,17.55,14171,3.6,2909,0.26,206,1.14,917,0.03,1.83,0.25,0.27,0.18,0.94,0.08,0.02
High Peak,71457,44.3,31655,54.17,38709,0.44,312,0.11,77,0.07,53,0.25,182,0.02,15,0.64,454,0.02,1.48,0.0,0.0,0.02,1.25,0.04,0.0
Hillingdon,228192,20.76,47366,43.61,99517,0.99,2261,11.06,25240,0.57,1294,13.1,29889,8.95,20422,0.97,2203,0.06,1.82,0.6,0.01,0.97,0.77,0.07,0.62
Hinckley and Bosworth,89109,40.72,36281,56.04,49934,0.28,247,1.08,965,0.04,37,0.63,563,0.64,574,0.57,508,0.01,1.57,0.05,0.0,0.04,1.12,0.03,0.03
Horsham,113656,42.49,48291,54.93,62430,0.46,522,0.54,613,0.21,238,0.76,863,0.08,89,0.54,610,0.02,1.37,0.03,0.01,0.06,1.12,0.04,0.0
Hounslow,214990,20.17,43356,41.99,90280,1.57,3380,10.16,21836,0.25,542,15.58,33496,9.35,20099,0.93,2001,0.08,2.2,0.67,0.01,1.25,0.83,0.09,0.61
Huntingdonshire,139957,43.78,61272,53.01,74198,0.43,606,0.54,760,0.14,197,1.31,1830,0.19,263,0.59,831,0.01,1.59,0.03,0.0,0.09,1.17,0.04,0.01
Hyndburn,62324,29.36,18297,56.89,35458,0.23,144,0.09,59,0.04,25,12.82,7993,0.04,26,0.52,322,0.01,1.77,0.01,0.0,1.18,1.08,0.03,0.0
Ipswich,104984,46.22,48527,47.78,50162,0.5,528,0.93,975,0.09,97,3.43,3600,0.3,311,0.75,784,0.02,2.11,0.06,0.0,0.31,1.48,0.05,0.01
Isle of Anglesey,53568,39.84,21340,58.8,31500,0.25,136,0.09,50,0.04,24,0.43,229,0.04,24,0.49,265,0.01,2.71,0.01,0.01,0.04,1.66,0.04,0.01
Isle of Wight,111985,43.54,48761,54.33,60839,0.42,475,0.19,214,0.12,130,0.42,474,0.03,34,0.94,1058,0.02,1.99,0.0,0.01,0.04,1.52,0.06,0.0
Isles of Scilly,1625,46.15,750,53.11,863,0.18,3,0.06,1,0.06,1,0.0,0,0.0,0,0.43,7,0.0,1.42,0.0,0.0,0.0,1.23,0.0,0.0
Islington,169502,46.02,78000,37.67,63851,1.01,1719,1.19,2009,1.37,2330,10.94,18537,0.31,520,1.5,2536,0.06,1.51,0.04,0.04,0.8,1.65,0.13,0.01
Kensington and Chelsea,111112,28.24,31377,53.89,59882,1.38,1536,1.24,1378,1.97,2188,12.18,13534,0.24,270,0.85,947,0.07,2.12,0.04,0.05,0.82,1.31,0.1,0.01
King's Lynn and West Norfolk,120964,38.81,46948,59.23,71650,0.36,431,0.29,349,0.12,146,0.5,602,0.08,92,0.62,746,0.02,2.45,0.01,0.01,0.04,1.41,0.05,0.0
Kingston upon Hull,200406,49.47,99136,46.29,92776,0.34,674,0.23,468,0.06,128,2.98,5968,0.11,215,0.52,1041,0.02,2.44,0.01,0.0,0.25,1.92,0.05,0.01
Kingston upon Thames,126142,36.51,46056,47.03,59326,1.2,1510,5.43,6854,0.49,614,7.68,9682,0.89,1117,0.78,983,0.07,1.69,0.32,0.02,0.5,1.21,0.06,0.05
Kirklees,327426,35.59,116530,45.42,148702,0.28,906,0.43,1407,0.05,160,16.91,55372,0.86,2809,0.47,1540,0.02,1.42,0.02,0.0,1.43,1.15,0.04,0.04
Knowsley,118389,26.19,31006,72.46,85782,0.2,236,0.28,337,0.06,67,0.55,650,0.04,47,0.22,264,0.01,1.95,0.01,0.0,0.05,0.94,0.02,0.0
Lambeth,249099,42.38,105573,46.6,116074,0.92,2293,1.14,2836,0.49,1213,7.41,18457,0.19,468,0.88,2185,0.05,2.12,0.06,0.01,0.51,1.35,0.1,0.01
Lancaster,111811,39.55,44217,56.85,63560,0.51,566,0.45,507,0.11,122,1.75,1952,0.11,124,0.68,763,0.02,1.68,0.01,0.0,0.13,1.22,0.05,0.01
Leeds,620082,41.86,259541,46.98,291313,0.42,2603,1.17,7249,0.89,5525,6.84,42400,1.31,8120,0.54,3331,0.02,1.64,0.06,0.02,0.55,1.26,0.04,0.06
Leicester,274435,24.31,66704,27.95,76711,0.38,1034,19.89,54588,0.1,263,21.92,60169,4.78,13118,0.67,1848,0.03,1.7,1.59,0.0,1.87,1.17,0.05,0.34
Lewes,78131,47.91,37429,49.02,38302,0.67,527,0.31,246,0.36,278,0.77,603,0.07,51,0.89,695,0.04,1.5,0.01,0.01,0.08,1.43,0.07,0.0
Lewisham,224649,40.27,90475,47.73,107226,1.31,2944,2.24,5039,0.31,701,6.97,15657,0.25,555,0.91,2052,0.09,2.23,0.16,0.01,0.47,1.62,0.08,0.01
Lichfield,84289,37.08,31254,60.13,50682,0.27,225,0.46,384,0.07,57,0.64,540,0.88,743,0.48,404,0.02,1.56,0.03,0.0,0.04,1.02,0.03,0.04
Lincoln,80809,48.95,39554,47.41,38311,0.42,342,0.47,382,0.08,68,1.61,1300,0.13,102,0.93,750,0.02,1.9,0.03,0.01,0.14,1.61,0.07,0.0
Liverpool,378628,31.15,117961,61.95,234550,0.5,1890,0.77,2907,0.42,1583,4.58,17350,0.14,532,0.49,1855,0.03,1.82,0.04,0.01,0.36,1.06,0.04,0.01
Luton,162205,19.46,31567,43.59,70698,0.36,578,3.81,6175,0.14,235,30.59,49611,1.44,2343,0.62,998,0.02,2.15,0.27,0.02,2.79,0.91,0.05,0.1
Maidstone,134231,39.92,53585,54.98,73801,0.87,1174,1.5,2012,0.11,153,1.68,2249,0.16,220,0.77,1037,0.05,1.71,0.1,0.01,0.15,1.19,0.07,0.01
Maldon,52481,42.65,22384,55.57,29165,0.36,187,0.19,98,0.21,112,0.45,238,0.07,39,0.49,258,0.02,1.36,0.01,0.0,0.02,1.15,0.03,0.0
Malvern Hills,63099,38.3,24164,59.83,37753,0.43,272,0.18,116,0.09,59,0.43,269,0.12,74,0.62,392,0.02,1.93,0.01,0.0,0.04,1.24,0.04,0.0
Manchester,411114,36.58,150397,39.91,164067,0.71,2931,1.22,5003,0.49,1994,19.97,82119,0.51,2088,0.61,2515,0.03,1.51,0.06,0.04,1.53,1.23,0.06,0.02
Mansfield,85403,44.57,38068,53.0,45263,0.31,268,0.35,299,0.04,34,0.96,816,0.23,196,0.54,459,0.01,2.05,0.03,0.0,0.05,1.46,0.04,0.02
Medway,210700,42.66,89884,50.72,106868,0.42,894,1.19,2508,0.09,197,2.53,5321,1.65,3471,0.74,1557,0.02,1.61,0.08,0.01,0.19,1.23,0.05,0.08
Melton,40643,38.68,15722,59.72,24272,0.32,131,0.43,174,0.06,23,0.24,98,0.13,52,0.42,171,0.02,1.81,0.02,0.0,0.02,1.15,0.04,0.01
Mendip,89663,43.75,39232,53.55,48018,0.61,550,0.16,147,0.14,126,0.27,238,0.02,22,1.48,1330,0.03,1.73,0.01,0.0,0.01,1.51,0.11,0.01
Merthyr Tydfil,45247,52.16,23600,46.27,20937,0.25,115,0.21,95,0.01,5,0.48,219,0.13,57,0.48,219,0.02,1.85,0.02,0.0,0.04,1.75,0.02,0.01
Merton,161128,30.35,48909,51.38,82795,1.05,1694,6.16,9927,0.38,612,9.72,15666,0.3,476,0.65,1049,0.05,2.37,0.45,0.02,0.75,1.1,0.06,0.02
Mid Devon,64103,44.38,28446,54.11,34683,0.37,234,0.13,83,0.08,50,0.15,96,0.03,22,0.76,489,0.02,1.87,0.01,0.0,0.0,1.36,0.06,0.0
Mid Suffolk,81460,43.4,35350,55.22,44986,0.37,300,0.15,123,0.1,82,0.24,197,0.02,19,0.49,403,0.01,1.56,0.01,0.0,0.02,1.21,0.03,0.0
Mid Sussex,115884,42.52,49271,53.66,62182,0.46,536,1.02,1182,0.24,274,1.13,1311,0.1,116,0.87,1012,0.03,1.44,0.06,0.01,0.07,1.05,0.04,0.01
Middlesbrough,107747,35.97,38757,52.44,56499,0.34,370,1.21,1304,0.03,35,9.19,9901,0.41,447,0.4,434,0.02,1.88,0.05,0.0,0.75,1.3,0.03,0.03
Milton Keynes,212327,39.21,83254,47.88,101666,0.57,1219,4.38,9300,0.17,355,6.4,13596,0.73,1541,0.66,1396,0.02,1.79,0.26,0.01,0.48,1.25,0.06,0.04
Mole Valley,67953,39.31,26711,57.43,39023,0.46,315,0.74,506,0.28,190,1.15,779,0.14,94,0.49,335,0.01,1.56,0.03,0.0,0.05,1.08,0.03,0.0
Monmouthshire,73676,43.33,31927,54.75,40334,0.43,316,0.23,168,0.1,74,0.41,299,0.11,82,0.65,476,0.02,2.04,0.02,0.01,0.03,1.49,0.04,0.01
Neath Port Talbot,109931,49.44,54345,48.62,53446,0.31,341,0.28,313,0.03,31,0.68,748,0.1,115,0.54,592,0.02,1.89,0.02,0.0,0.05,1.78,0.03,0.0
New Forest,139846,40.18,56185,58.11,81265,0.36,501,0.17,237,0.15,215,0.32,443,0.05,72,0.66,928,0.02,1.78,0.01,0.0,0.02,1.18,0.04,0.0
Newark and Sherwood,96237,40.53,39001,57.66,55492,0.28,266,0.2,191,0.08,77,0.61,588,0.14,132,0.51,490,0.01,1.95,0.01,0.0,0.06,1.25,0.03,0.01
Newcastle upon Tyne,233331,43.23,100875,45.79,106839,0.54,1252,1.51,3519,0.22,503,7.72,18003,0.5,1177,0.5,1163,0.03,1.46,0.07,0.01,0.6,1.28,0.04,0.02
Newcastle-under-Lyme,97292,38.54,37495,57.98,56407,0.42,406,0.57,555,0.06,55,1.71,1659,0.24,229,0.5,486,0.01,2.01,0.02,0.0,0.08,1.13,0.04,0.01
Newham,257727,16.96,43710,39.74,102412,0.75,1941,6.87,17717,0.15,382,33.12,85363,1.8,4643,0.6,1559,0.05,2.53,0.48,0.01,2.52,0.8,0.06,0.1
Newport,120274,43.66,52511,48.28,58072,0.36,439,0.49,590,0.07,81,6.3,7578,0.28,334,0.56,669,0.02,1.83,0.02,0.0,0.55,1.5,0.04,0.01
North Devon,77040,44.6,34358,53.58,41281,0.39,297,0.17,133,0.1,76,0.42,321,0.05,41,0.69,533,0.03,1.91,0.01,0.0,0.02,1.51,0.05,0.0
North East Derbyshire,80664,41.22,33251,57.48,46366,0.22,179,0.13,102,0.07,57,0.28,224,0.13,106,0.47,379,0.01,1.87,0.0,0.0,0.01,1.18,0.03,0.0
North East Lincolnshire,120239,45.07,54189,52.6,63242,0.32,381,0.26,318,0.06,74,1.07,1289,0.11,137,0.51,609,0.02,1.83,0.02,0.0,0.09,1.44,0.04,0.01
North Hertfordshire,101625,44.93,45656,49.11,49908,0.56,567,1.13,1145,0.31,312,1.42,1443,1.9,1929,0.65,665,0.03,1.37,0.05,0.01,0.08,1.19,0.04,0.09
North Kesteven,92681,38.61,35781,59.88,55496,0.21,199,0.22,200,0.07,62,0.4,374,0.08,72,0.54,497,0.0,1.7,0.02,0.0,0.03,1.16,0.02,0.0
North Lincolnshire,131828,37.78,49804,58.72,77404,0.28,370,0.26,338,0.04,47,2.16,2849,0.35,460,0.42,556,0.02,2.17,0.02,0.0,0.17,1.26,0.03,0.02
North Norfolk,83416,38.95,32494,59.48,49613,0.43,357,0.07,58,0.14,119,0.18,148,0.02,16,0.73,611,0.04,2.36,0.0,0.01,0.01,1.37,0.07,0.0
North Northamptonshire,273304,42.37,115811,53.58,146431,0.36,978,1.37,3753,0.1,261,1.09,2975,0.51,1382,0.63,1713,0.02,2.06,0.1,0.0,0.09,1.36,0.06,0.03
North Somerset,167799,45.08,75649,52.94,88834,0.38,632,0.22,373,0.09,148,0.57,956,0.06,96,0.66,1111,0.03,1.72,0.01,0.01,0.04,1.35,0.04,0.0
North Tyneside,163518,45.39,74219,52.11,85216,0.33,536,0.36,587,0.06,104,1.1,1792,0.21,339,0.44,725,0.01,1.24,0.01,0.0,0.07,1.13,0.03,0.01
North Warwickshire,51262,36.96,18944,61.11,31326,0.24,122,0.3,152,0.05,25,0.37,189,0.49,251,0.49,253,0.02,1.85,0.02,0.0,0.01,1.01,0.03,0.01
North West Leicestershire,81889,43.29,35449,54.73,44819,0.26,215,0.47,385,0.05,37,0.36,297,0.3,246,0.54,441,0.01,1.76,0.02,0.0,0.03,1.26,0.04,0.01
Northumberland,255652,39.1,99965,59.25,151484,0.28,708,0.14,363,0.06,159,0.47,1199,0.21,525,0.49,1249,0.02,1.55,0.0,0.01,0.03,1.09,0.03,0.01
Norwich,112675,55.92,63013,37.92,42730,0.82,925,1.21,1366,0.27,299,2.63,2965,0.14,157,1.08,1220,0.04,1.56,0.06,0.02,0.25,1.84,0.08,0.0
Nottingham,243853,44.64,108851,39.24,95678,0.63,1529,1.85,4500,0.37,896,11.06,26958,1.39,3389,0.84,2052,0.04,1.76,0.08,0.01,0.91,1.59,0.07,0.07
Nuneaton and Bedworth,102906,36.92,37995,54.41,55988,0.62,643,1.7,1745,0.03,35,2.85,2928,2.71,2793,0.76,779,0.03,1.78,0.12,0.0,0.16,1.14,0.05,0.15
Oadby and Wigston,44634,30.33,13537,40.18,17934,0.35,156,10.57,4720,0.19,85,9.9,4419,7.83,3496,0.64,287,0.02,1.42,0.52,0.01,0.52,0.95,0.06,0.37
Oldham,178357,26.09,46527,50.82,90644,0.23,410,0.57,1008,0.06,113,21.87,39008,0.06,106,0.3,541,0.01,1.59,0.03,0.0,1.88,0.82,0.02,0.0
Oxford,122917,43.81,53847,43.19,53084,0.89,1094,1.76,2168,0.8,979,8.04,9887,0.41,510,1.1,1348,0.03,1.61,0.06,0.03,0.72,1.68,0.09,0.01
Pembrokeshire,96067,42.66,40984,55.55,53362,0.45,436,0.14,139,0.06,53,0.4,388,0.03,30,0.7,675,0.03,2.31,0.01,0.0,0.02,1.65,0.05,0.0
Pendle,71271,30.32,21608,45.28,32268,0.3,213,0.09,66,0.04,27,23.46,16720,0.04,30,0.48,339,0.02,1.64,0.0,0.0,2.45,1.07,0.04,0.01
Peterborough,157962,33.39,52750,52.05,82221,0.36,561,1.83,2896,0.1,157,11.04,17432,0.67,1061,0.56,884,0.02,2.4,0.13,0.01,0.95,1.28,0.06,0.03
Plymouth,205845,48.82,100499,48.41,99659,0.46,939,0.31,638,0.09,186,1.17,2405,0.05,94,0.69,1425,0.03,1.49,0.01,0.0,0.1,1.41,0.05,0.0
Portsmouth,159639,48.25,77026,44.76,71459,0.62,993,0.83,1325,0.12,193,4.44,7084,0.23,375,0.74,1184,0.04,1.51,0.04,0.0,0.35,1.42,0.05,0.02
Powys,104683,42.47,44464,55.51,58110,0.53,560,0.23,245,0.07,78,0.29,299,0.05,55,0.83,872,0.04,2.51,0.02,0.01,0.02,1.84,0.06,0.0
Preston,112166,27.3,30622,52.67,59074,0.36,407,3.37,3784,0.06,67,14.98,16806,0.74,834,0.51,572,0.02,1.82,0.16,0.01,1.25,0.93,0.04,0.04
Reading,131656,38.83,51126,44.32,58350,1.94,2550,5.01,6594,0.22,285,8.08,10638,0.74,976,0.86,1137,0.13,1.81,0.3,0.01,0.57,1.28,0.06,0.04
Redbridge,228296,13.92,31778,34.37,78469,0.6,1377,11.99,27363,2.54,5809,29.54,67446,6.31,14399,0.72,1655,0.03,2.08,0.71,0.07,2.03,0.6,0.07,0.38
Redcar and Cleveland,106451,38.59,41077,59.93,63792,0.24,259,0.1,107,0.03,29,0.62,659,0.05,55,0.44,473,0.01,1.95,0.01,0.0,0.06,1.23,0.02,0.0
Redditch,66512,39.91,26548,54.67,36359,0.25,165,0.38,250,0.07,46,3.82,2539,0.37,247,0.54,358,0.01,1.76,0.02,0.0,0.32,1.31,0.04,0.01
Reigate and Banstead,113195,38.81,43935,54.33,61496,0.56,633,2.39,2704,0.28,312,2.92,3300,0.22,247,0.5,568,0.02,1.56,0.12,0.01,0.21,1.12,0.03,0.01
Rhondda Cynon Taf,182856,56.19,102740,42.01,76823,0.3,543,0.23,416,0.04,65,0.57,1041,0.11,200,0.56,1028,0.02,1.69,0.02,0.0,0.04,2.22,0.04,0.01
Ribble Valley,48866,26.86,13123,71.04,34714,0.26,128,0.3,146,0.04,18,1.16,566,0.04,20,0.31,151,0.01,1.74,0.01,0.0,0.07,0.74,0.01,0.0
Richmond upon Thames,145258,40.57,58925,49.33,71661,1.01,1460,2.26,3281,0.74,1081,4.23,6148,1.09,1585,0.77,1117,0.04,1.46,0.1,0.02,0.27,1.24,0.06,0.06
Richmondshire,39684,35.33,14022,60.72,24095,1.1,436,1.7,675,0.05,19,0.22,88,0.04,16,0.84,333,0.08,1.73,0.08,0.0,0.0,1.08,0.03,0.01
Rochdale,166840,29.21,48734,52.41,87437,0.22,359,0.29,486,0.11,177,17.31,28883,0.09,148,0.37,616,0.01,1.57,0.01,0.01,1.28,0.89,0.03,0.01
Rochford,66905,43.81,29310,54.12,36210,0.29,192,0.42,279,0.39,263,0.46,308,0.05,34,0.46,309,0.01,1.33,0.02,0.0,0.02,0.96,0.03,0.0
Rossendale,54391,39.71,21598,54.72,29764,0.31,166,0.16,87,0.09,51,4.4,2391,0.05,26,0.57,308,0.01,1.61,0.01,0.0,0.37,1.19,0.04,0.0
Rother,74346,40.56,30154,57.37,42656,0.43,319,0.23,168,0.22,160,0.53,391,0.02,16,0.65,482,0.03,1.96,0.01,0.01,0.02,1.3,0.06,0.0
Rotherham,204662,38.77,79355,55.64,113870,0.23,471,0.24,486,0.04,74,4.49,9195,0.17,351,0.42,860,0.02,1.72,0.02,0.0,0.41,1.17,0.03,0.01
Rugby,86827,36.49,31687,56.0,48620,0.43,377,3.34,2902,0.07,63,1.67,1452,1.38,1194,0.61,532,0.02,1.97,0.18,0.0,0.09,1.13,0.04,0.05
Runnymede,67708,36.55,24747,55.27,37421,0.62,423,2.36,1595,0.29,194,2.81,1902,1.49,1011,0.61,415,0.03,1.73,0.08,0.01,0.12,1.06,0.04,0.05
Rushcliffe,92415,44.66,41271,49.55,45793,0.41,377,1.47,1363,0.27,252,2.06,1906,1.01,931,0.56,522,0.02,1.27,0.07,0.01,0.11,1.08,0.02,0.04
Rushmoor,76687,38.02,29157,46.3,35506,5.42,4160,6.31,4841,0.08,58,2.2,1686,0.2,154,1.47,1125,0.42,1.29,0.39,0.01,0.19,1.1,0.08,0.01
Rutland,32550,37.01,12048,60.77,19782,0.38,125,0.27,89,0.14,47,0.66,214,0.16,52,0.59,193,0.03,1.73,0.01,0.01,0.07,1.22,0.05,0.0
Ryedale,43624,34.03,14844,64.8,28267,0.26,114,0.06,25,0.06,28,0.29,125,0.02,8,0.49,213,0.0,2.07,0.0,0.01,0.04,0.94,0.02,0.0
Salford,204306,37.62,76858,52.93,108131,0.45,925,0.81,1663,2.77,5657,4.68,9556,0.24,489,0.5,1027,0.02,1.7,0.03,0.66,0.3,1.21,0.03,0.01
Sandwell,251970,26.23,66103,45.62,114945,0.32,801,2.93,7387,0.03,67,11.91,30017,12.14,30591,0.82,2059,0.02,2.24,0.2,0.0,0.98,1.07,0.05,0.77
Scarborough,86626,38.84,33643,59.37,51432,0.39,334,0.15,127,0.06,51,0.59,511,0.01,10,0.6,518,0.02,2.03,0.0,0.0,0.04,1.38,0.05,0.0
Sedgemoor,97364,41.45,40360,56.9,55396,0.3,290,0.13,124,0.06,57,0.45,440,0.05,50,0.66,647,0.01,2.0,0.01,0.0,0.04,1.26,0.03,0.0
Sefton,220801,28.3,62492,69.71,153913,0.28,620,0.38,834,0.16,348,0.72,1586,0.05,104,0.41,904,0.01,1.79,0.01,0.0,0.05,0.88,0.02,0.0
Selby,71565,38.16,27306,60.56,43343,0.23,168,0.14,97,0.08,55,0.23,162,0.12,85,0.49,349,0.01,1.51,0.0,0.0,0.01,1.01,0.03,0.01
Sevenoaks,91100,39.75,36212,57.41,52302,0.44,405,0.66,605,0.22,202,0.86,780,0.24,218,0.41,376,0.02,1.61,0.03,0.0,0.05,1.11,0.02,0.01
Sheffield,428801,45.25,194050,43.67,187247,0.48,2060,0.71,3033,0.14,584,9.01,38622,0.18,766,0.57,2439,0.02,1.69,0.02,0.0,0.76,1.38,0.04,0.0
Shropshire,257095,36.75,94486,61.38,157813,0.32,827,0.18,454,0.06,157,0.52,1343,0.24,626,0.54,1389,0.01,2.29,0.01,0.01,0.04,1.46,0.04,0.02
Slough,112512,14.21,15992,36.29,40827,0.57,641,8.12,9137,0.06,73,27.76,31228,12.47,14030,0.52,584,0.04,2.12,0.52,0.0,2.25,0.7,0.06,0.65
Solihull,165806,32.49,53870,56.8,94175,0.32,535,2.71,4490,0.16,263,4.75,7870,2.36,3906,0.42,697,0.02,1.63,0.12,0.0,0.26,0.94,0.03,0.08
Somerset West and Taunton,122933,41.97,51598,56.03,68876,0.39,484,0.27,338,0.09,112,0.52,634,0.05,60,0.68,831,0.02,2.06,0.01,0.01,0.04,1.37,0.04,0.01
South Cambridgeshire,122243,44.23,54066,51.13,62502,0.6,728,1.42,1740,0.31,378,1.54,1878,0.18,217,0.6,734,0.03,1.51,0.06,0.01,0.08,1.34,0.05,0.01
South Derbyshire,82342,42.13,34692,53.59,44131,0.27,221,0.55,455,0.04,35,0.66,543,2.18,1797,0.57,468,0.01,1.67,0.02,0.0,0.03,1.07,0.03,0.07
South Gloucestershire,223539,46.48,103906,49.73,111157,0.43,966,0.93,2083,0.07,151,1.47,3283,0.34,761,0.55,1232,0.02,1.52,0.04,0.0,0.08,1.23,0.04,0.02
South Hams,70260,43.8,30777,53.86,37841,0.74,517,0.1,68,0.17,117,0.33,235,0.02,17,0.98,688,0.04,1.49,0.0,0.01,0.03,1.32,0.06,0.01
South Holland,73949,32.66,24152,65.75,48624,0.21,154,0.22,159,0.08,59,0.43,320,0.13,98,0.52,383,0.01,3.49,0.01,0.0,0.03,1.32,0.04,0.0
South Kesteven,111489,36.88,41116,61.16,68186,0.3,336,0.55,618,0.1,112,0.45,501,0.09,98,0.47,522,0.02,1.98,0.02,0.0,0.03,1.02,0.04,0.0
South Lakeland,84269,37.96,31992,60.46,50950,0.63,530,0.08,67,0.1,83,0.23,198,0.01,7,0.52,442,0.03,1.79,0.0,0.0,0.02,1.17,0.04,0.0
South Norfolk,110227,44.21,48731,53.73,59229,0.42,468,0.37,403,0.15,170,0.52,570,0.04,43,0.56,613,0.02,1.61,0.02,0.01,0.03,1.13,0.04,0.0
South Oxfordshire,114526,41.68,47729,55.2,63221,0.49,563,0.71,815,0.25,291,0.94,1076,0.18,206,0.55,625,0.02,1.61,0.04,0.01,0.07,1.18,0.05,0.01
South Ribble,87018,30.79,26795,66.84,58160,0.25,221,0.72,629,0.06,50,0.83,720,0.1,86,0.41,357,0.01,1.57,0.03,0.0,0.04,0.92,0.03,0.0
South Somerset,134974,39.09,52763,59.22,79926,0.35,474,0.19,250,0.08,110,0.39,526,0.02,25,0.67,900,0.02,2.21,0.01,0.0,0.03,1.33,0.05,0.0
South Staffordshire,88928,31.43,27954,64.98,57787,0.29,257,0.41,368,0.05,41,0.84,747,1.52,1351,0.48,423,0.02,1.8,0.01,0.0,0.06,0.88,0.02,0.06
South Tyneside,115841,38.13,44165,58.53,67806,0.21,242,0.17,199,0.03,33,2.2,2546,0.32,367,0.42,483,0.02,1.59,0.01,0.0,0.18,1.03,0.04,0.03
Southampton,190736,45.55,86875,44.96,85752,0.65,1246,1.41,2698,0.12,230,4.82,9191,1.67,3193,0.81,1551,0.03,1.78,0.08,0.01,0.38,1.53,0.06,0.09
Southend-on-Sea,137859,45.1,62172,48.29,66577,0.62,858,1.13,1561,1.3,1794,2.69,3710,0.12,161,0.74,1026,0.03,1.61,0.07,0.04,0.18,1.35,0.04,0.01
Southwark,237626,40.84,97055,46.37,110196,1.15,2725,1.3,3096,0.48,1144,8.77,20841,0.24,571,0.84,1998,0.06,2.0,0.05,0.02,0.6,1.51,0.08,0.01
Spelthorne,78629,32.25,25361,55.81,43882,0.77,603,4.22,3315,0.2,156,3.62,2843,2.57,2018,0.57,451,0.03,1.84,0.24,0.01,0.23,1.02,0.05,0.14
St Albans,109387,38.32,41915,52.26,57163,0.58,629,1.89,2067,1.65,1803,4.4,4814,0.37,408,0.54,588,0.04,1.37,0.08,0.02,0.32,1.04,0.04,0.01
St. Helens,143619,29.99,43066,68.25,98023,0.3,428,0.31,447,0.04,59,0.66,943,0.03,47,0.42,606,0.02,1.77,0.03,0.0,0.04,0.89,0.03,0.0
Stafford,107721,36.31,39117,60.26,64909,0.47,503,0.88,947,0.05,57,0.98,1053,0.45,490,0.6,645,0.03,1.75,0.03,0.0,0.06,1.12,0.04,0.04
Staffordshire Moorlands,76451,33.5,25614,65.31,49932,0.21,162,0.11,85,0.04,30,0.25,194,0.07,52,0.5,382,0.01,2.11,0.01,0.0,0.02,0.97,0.02,0.0
Stevenage,67324,45.21,30434,48.4,32584,0.52,353,1.62,1093,0.21,139,2.93,1974,0.38,255,0.73,492,0.02,1.6,0.07,0.01,0.23,1.28,0.05,0.02
Stockport,226807,39.48,89554,53.12,120476,0.39,876,0.84,1903,0.46,1052,5.05,11461,0.17,381,0.49,1104,0.02,1.42,0.03,0.01,0.32,1.09,0.04,0.01
Stockton-on-Tees,150096,38.48,57761,57.05,85632,0.31,462,0.41,615,0.03,50,2.98,4473,0.4,594,0.34,509,0.02,1.56,0.01,0.0,0.26,1.07,0.02,0.01
Stoke-on-Trent,194226,37.62,73064,52.74,102432,0.35,685,0.53,1035,0.04,80,7.9,15351,0.25,489,0.56,1090,0.02,2.43,0.04,0.0,0.72,1.37,0.03,0.02
Stratford-on-Avon,106589,35.71,38062,61.97,66054,0.35,368,0.43,463,0.16,167,0.45,483,0.43,462,0.5,530,0.02,1.75,0.03,0.01,0.03,0.97,0.04,0.01
Stroud,94042,44.46,41809,53.4,50219,0.52,487,0.22,203,0.14,130,0.3,280,0.07,63,0.9,851,0.02,1.67,0.0,0.01,0.02,1.28,0.06,0.0
Sunderland,215909,38.41,82933,58.85,127058,0.23,500,0.23,491,0.04,84,1.56,3359,0.32,695,0.37,789,0.01,1.59,0.01,0.0,0.13,1.01,0.02,0.02
Surrey Heath,69714,36.2,25237,55.42,38635,1.2,838,2.26,1577,0.19,134,2.92,2037,1.16,812,0.64,444,0.05,1.3,0.1,0.0,0.19,0.87,0.04,0.03
Sutton,156018,33.46,52211,50.95,79489,1.0,1564,6.88,10739,0.23,359,6.56,10242,0.22,348,0.68,1066,0.04,1.78,0.43,0.01,0.43,1.07,0.05,0.01
Swale,115793,44.12,51093,53.38,61809,0.33,379,0.39,449,0.1,111,1.0,1158,0.15,178,0.53,616,0.02,1.63,0.03,0.01,0.08,1.25,0.03,0.0
Swansea,184681,47.94,88545,47.44,87621,0.47,863,0.44,819,0.08,154,2.87,5299,0.15,278,0.6,1102,0.02,1.78,0.02,0.0,0.23,1.78,0.03,0.01
Swindon,176963,40.79,72183,52.03,92076,0.83,1472,2.46,4346,0.07,119,2.39,4233,0.64,1136,0.79,1398,0.04,2.06,0.15,0.01,0.21,1.2,0.05,0.03
Tameside,176575,37.69,66543,53.55,94555,0.31,540,1.5,2647,0.04,76,6.39,11282,0.08,136,0.45,796,0.01,1.47,0.07,0.0,0.49,1.14,0.03,0.0
Tamworth,60693,42.4,25731,55.78,33855,0.27,166,0.29,179,0.02,14,0.45,272,0.31,186,0.48,290,0.0,1.68,0.03,0.0,0.04,1.16,0.03,0.01
Tandridge,66610,39.46,26283,56.87,37883,0.46,309,1.18,787,0.19,129,1.24,827,0.12,81,0.47,311,0.04,1.46,0.05,0.0,0.08,1.15,0.04,0.0
Teignbridge,106556,44.5,47418,53.68,57204,0.47,502,0.09,92,0.1,108,0.26,280,0.03,37,0.86,915,0.03,1.78,0.01,0.0,0.02,1.46,0.05,0.0
Telford and Wrekin,140400,40.29,56569,54.01,75837,0.38,527,0.74,1033,0.05,71,2.33,3272,1.61,2255,0.6,836,0.03,1.97,0.04,0.0,0.23,1.26,0.04,0.08
Tendring,117632,41.83,49211,56.42,66364,0.34,397,0.23,272,0.18,215,0.4,476,0.04,48,0.55,649,0.02,2.2,0.02,0.01,0.03,1.45,0.04,0.0
Test Valley,100912,40.48,40854,56.3,56809,0.54,546,0.75,754,0.1,101,0.82,825,0.46,469,0.55,554,0.02,1.51,0.04,0.0,0.04,1.16,0.03,0.02
Tewkesbury,72915,40.53,29551,57.12,41652,0.43,317,0.7,510,0.09,62,0.48,352,0.12,91,0.52,380,0.02,1.69,0.04,0.0,0.03,1.08,0.02,0.01
Thanet,108952,43.82,47740,52.75,57467,0.52,563,0.55,601,0.23,253,1.33,1445,0.08,83,0.73,800,0.03,1.7,0.04,0.01,0.1,1.47,0.06,0.01
Three Rivers,70963,31.64,22454,52.14,37003,0.58,414,8.33,5914,1.82,1290,3.52,2500,0.92,650,1.04,738,0.02,1.49,0.36,0.05,0.19,0.98,0.05,0.03
Thurrock,129449,34.73,44964,57.14,73970,0.45,585,1.39,1796,0.16,203,4.32,5593,1.19,1542,0.61,796,0.03,2.19,0.08,0.01,0.28,1.05,0.05,0.07
Tonbridge and Malling,99825,42.56,42482,54.43,54333,0.4,401,0.86,860,0.15,146,0.95,952,0.18,183,0.47,468,0.02,1.44,0.07,0.01,0.05,1.12,0.03,0.01
Torbay,109717,42.52,46654,55.3,60670,0.47,513,0.17,184,0.13,138,0.54,587,0.05,52,0.84,919,0.02,1.93,0.01,0.01,0.03,1.37,0.05,0.0
Torfaen,70599,50.32,35524,47.93,33837,0.33,230,0.32,227,0.02,14,0.37,259,0.07,46,0.65,462,0.03,2.03,0.0,0.0,0.05,1.83,0.04,0.0
Torridge,53852,43.02,23167,55.54,29909,0.37,200,0.05,26,0.08,41,0.15,81,0.03,16,0.77,412,0.02,1.95,0.01,0.0,0.02,1.51,0.07,0.0
Tower Hamlets,234813,32.52,76370,25.87,60742,1.19,2802,2.37,5561,0.53,1249,36.5,85700,0.36,847,0.66,1542,0.05,1.01,0.08,0.02,2.4,1.36,0.06,0.01
Trafford,176878,33.95,60052,53.43,94508,0.47,824,1.85,3280,1.13,1991,7.9,13978,0.82,1447,0.45,798,0.01,1.39,0.07,0.02,0.46,0.96,0.03,0.04
Tunbridge Wells,86912,41.25,35855,54.97,47778,0.51,444,0.87,755,0.23,203,1.51,1313,0.08,72,0.57,492,0.01,1.74,0.04,0.01,0.11,1.19,0.04,0.0
Uttlesford,69451,41.18,28600,56.09,38955,0.49,338,0.49,337,0.42,294,0.72,503,0.12,80,0.5,344,0.03,1.45,0.03,0.01,0.02,1.02,0.06,0.0
Vale of Glamorgan,101591,47.8,48558,49.84,50634,0.38,390,0.32,330,0.13,135,0.82,833,0.11,110,0.59,601,0.06,1.55,0.02,0.0,0.07,1.52,0.08,0.01
Vale of White Horse,105939,42.11,44607,54.19,57404,0.61,651,0.84,885,0.22,231,1.26,1340,0.19,202,0.58,619,0.03,1.56,0.04,0.02,0.09,1.22,0.04,0.01
Wakefield,272508,40.59,110603,55.39,150953,0.26,714,0.36,986,0.04,115,2.72,7414,0.15,397,0.49,1326,0.01,1.77,0.02,0.0,0.24,1.23,0.03,0.01
Walsall,211615,29.28,61951,51.42,108805,0.22,456,1.99,4218,0.03,66,10.13,21443,6.25,13231,0.68,1445,0.02,2.19,0.11,0.0,0.82,1.13,0.04,0.36
Waltham Forest,207053,30.5,63144,43.81,90702,0.76,1583,1.98,4103,0.53,1101,20.77,42998,0.51,1060,1.14,2362,0.05,2.28,0.12,0.01,1.59,1.18,0.12,0.03
Wandsworth,254372,40.44,102868,45.85,116623,0.84,2127,2.18,5553,0.61,1549,9.09,23130,0.32,826,0.67,1696,0.05,1.58,0.13,0.02,0.76,1.16,0.07,0.02
Warrington,163962,34.47,56518,62.18,101949,0.34,558,0.65,1067,0.1,169,1.57,2569,0.24,396,0.45,736,0.02,1.54,0.03,0.0,0.11,1.0,0.03,0.01
Warwick,116032,40.87,47426,49.51,57447,0.48,554,2.51,2914,0.21,249,1.44,1672,4.38,5081,0.59,689,0.02,1.41,0.11,0.01,0.09,1.08,0.04,0.19
Watford,76075,26.8,20387,49.14,37386,1.1,839,8.15,6197,1.05,796,12.15,9243,0.71,537,0.91,690,0.04,2.14,0.47,0.02,0.84,0.97,0.09,0.03
Waverley,97436,40.0,38977,57.12,55660,0.52,506,0.36,349,0.24,235,1.09,1066,0.09,88,0.57,555,0.03,1.59,0.02,0.01,0.09,1.09,0.04,0.0
Wealden,125517,41.96,52661,55.7,69909,0.4,505,0.24,300,0.22,277,0.47,595,0.03,43,0.98,1227,0.02,1.63,0.01,0.0,0.03,1.16,0.06,0.0
Welwyn Hatfield,90875,38.09,34617,52.28,47508,0.83,754,3.35,3045,1.0,910,3.26,2958,0.41,373,0.78,710,0.03,1.88,0.12,0.02,0.16,1.08,0.05,0.01
West Berkshire,123267,41.4,51028,54.88,67648,0.41,504,1.23,1512,0.18,219,1.14,1407,0.24,299,0.53,650,0.02,1.47,0.07,0.01,0.09,1.09,0.04,0.01
West Devon,45369,41.57,18860,56.62,25687,0.44,201,0.06,28,0.12,55,0.21,97,0.02,7,0.96,434,0.03,1.97,0.0,0.01,0.0,1.4,0.08,0.0
West Lancashire,92823,31.47,29211,67.09,62279,0.27,247,0.23,210,0.07,65,0.42,393,0.08,78,0.37,340,0.01,1.8,0.01,0.0,0.03,0.97,0.02,0.01
West Lindsey,74716,37.09,27710,61.18,45712,0.27,204,0.3,224,0.06,43,0.36,267,0.14,101,0.61,455,0.02,1.73,0.02,0.0,0.02,1.12,0.02,0.0
West Northamptonshire,322892,38.73,125040,55.19,178204,0.42,1362,1.34,4335,0.12,398,3.09,9980,0.44,1405,0.67,2168,0.03,2.24,0.08,0.0,0.23,1.21,0.06,0.03
West Oxfordshire,88615,40.7,36064,57.12,50613,0.45,401,0.26,231,0.19,170,0.6,531,0.06,52,0.62,553,0.02,1.59,0.01,0.0,0.05,1.04,0.04,0.0
West Suffolk,139075,42.75,59450,54.48,75771,0.55,769,0.38,525,0.13,185,1.01,1403,0.06,85,0.64,887,0.02,1.9,0.02,0.01,0.07,1.29,0.05,0.0
Westminster,160750,30.05,48306,41.85,67271,1.53,2460,2.5,4017,3.08,4949,19.68,31628,0.31,505,1.0,1614,0.1,1.76,0.08,0.1,1.37,1.52,0.12,0.01
Wigan,256411,29.79,76393,68.06,174519,0.29,741,0.31,788,0.03,80,1.09,2807,0.03,85,0.39,998,0.01,1.82,0.02,0.0,0.1,0.96,0.03,0.0
Wiltshire,394848,41.39,163413,55.95,220899,0.55,2185,0.52,2067,0.1,410,0.63,2475,0.1,390,0.76,3009,0.03,1.62,0.04,0.0,0.04,1.14,0.05,0.01
Winchester,98395,43.04,42347,53.81,52945,0.71,697,0.78,772,0.19,191,0.68,668,0.16,153,0.63,622,0.03,1.32,0.04,0.01,0.03,0.99,0.04,0.0
Windsor and Maidenhead,116453,32.45,37793,54.77,63783,0.65,755,3.0,3495,0.39,458,5.18,6028,3.04,3537,0.52,604,0.02,1.7,0.12,0.01,0.36,0.98,0.03,0.15
Wirral,248347,36.56,90791,61.1,151749,0.38,938,0.42,1053,0.1,238,0.89,2207,0.09,226,0.46,1145,0.01,1.64,0.02,0.0,0.08,1.19,0.03,0.0
Woking,78386,34.75,27240,52.39,41068,0.74,580,2.4,1879,0.25,195,8.61,6751,0.28,217,0.58,456,0.03,1.55,0.1,0.01,0.6,0.93,0.02,0.01
Wokingham,132879,38.05,50561,50.17,66665,0.57,755,4.4,5851,0.28,376,4.27,5676,1.76,2333,0.5,662,0.03,1.26,0.21,0.02,0.34,1.0,0.04,0.07
Wolverhampton,197177,27.41,54051,49.43,97457,0.39,776,4.02,7936,0.04,77,4.78,9416,12.57,24785,1.36,2679,0.03,2.51,0.26,0.0,0.37,1.09,0.09,0.78
Worcester,80481,40.31,32440,54.54,43891,0.41,329,0.41,331,0.05,44,3.57,2872,0.18,143,0.54,431,0.01,2.01,0.02,0.0,0.31,1.2,0.03,0.0
Worthing,86639,45.95,39812,49.75,43104,0.74,643,0.64,558,0.29,252,1.63,1412,0.13,112,0.86,746,0.03,1.63,0.05,0.02,0.15,1.41,0.05,0.01
Wrexham,103236,41.62,42968,56.16,57980,0.35,361,0.26,264,0.05,50,1.04,1077,0.06,66,0.46,470,0.02,2.64,0.01,0.01,0.1,1.88,0.04,0.01
Wychavon,104729,34.63,36263,63.55,66551,0.3,309,0.15,157,0.1,108,0.54,568,0.24,256,0.49,517,0.02,2.01,0.0,0.0,0.04,0.98,0.04,0.0
Wyre,89649,32.76,29371,65.81,58994,0.31,280,0.14,128,0.09,80,0.37,331,0.02,19,0.5,446,0.02,1.82,0.0,0.0,0.03,0.98,0.03,0.0
Wyre Forest,79812,37.87,30225,60.03,47913,0.27,214,0.14,112,0.05,40,0.83,661,0.26,206,0.55,441,0.02,2.29,0.0,0.0,0.06,1.33,0.03,0.02
York,160299,47.7,76460,49.01,78555,0.6,962,0.54,864,0.15,248,1.18,1892,0.09,148,0.73,1170,0.02,1.43,0.03,0.01,0.05,1.37,0.05,0.0
